,dt,bid_count,position_count,cash_value,positions_value,total_value
0,2019-09-10,0,0,100000.0,0.0,100000.0
1,2019-09-11,0,0,100000.0,0.0,100000.0
2,2019-09-12,1,1,82432.91080322265,17532.025146484375,99964.93594970703
3,2019-09-13,0,1,82432.91080322265,17582.9345703125,100015.84537353515
4,2019-09-16,0,1,82432.91080322265,17676.422119140625,100109.33292236328
5,2019-09-17,0,1,82432.91080322265,17707.891845703125,100140.80264892578
6,2019-09-18,1,2,71026.5605682373,28997.988891601562,100024.54945983886
7,2019-09-19,0,2,71026.5605682373,28706.05239868164,99732.61296691894
8,2019-09-20,1,1,88335.07180480956,11197.59750366211,99532.66930847167
9,2019-09-23,0,1,88335.07180480956,11335.648345947266,99670.72015075682
10,2019-09-24,1,2,83086.11637802122,16567.41600036621,99653.53237838743
11,2019-09-25,1,1,88271.01046142576,11420.01495361328,99691.02541503904
12,2019-09-26,0,1,88271.01046142576,11399.884033203123,99670.89449462888
13,2019-09-27,1,2,81820.38701019285,17806.951141357422,99627.33815155027
14,2019-09-30,2,2,90081.73077545164,9555.66177368164,99637.39254913328
15,2019-10-01,0,2,90081.73077545164,9676.033973693848,99757.76474914548
16,2019-10-02,0,2,90081.73077545164,9518.965530395508,99600.69630584714
17,2019-10-03,1,3,84529.56966857908,15127.979850769043,99657.54951934812
18,2019-10-04,0,3,84529.56966857908,15327.491760253906,99857.06142883298
19,2019-10-07,0,3,84529.56966857908,15239.028358459473,99768.59802703855
20,2019-10-08,0,3,84529.56966857908,15043.925666809082,99573.49533538816
21,2019-10-09,1,4,64649.763378906224,35024.4815826416,99674.24496154783
22,2019-10-10,1,3,70271.29121856687,29440.11173248291,99711.40295104978
23,2019-10-11,0,3,70271.29121856687,29228.986358642574,99500.27757720945
24,2019-10-14,0,3,70271.29121856687,29192.30270385742,99463.59392242429
25,2019-10-15,2,3,72131.77490539548,27242.43049621582,99374.2054016113
26,2019-10-16,0,3,72131.77490539548,27341.927337646484,99473.70224304196
27,2019-10-17,0,3,72131.77490539548,27330.282592773438,99462.05749816891
28,2019-10-18,1,4,67161.84129791257,32387.439727783207,99549.28102569577
29,2019-10-21,1,5,61879.862497711154,37775.15830993653,99655.02080764768
30,2019-10-22,0,5,61879.862497711154,36633.051681518555,98512.9141792297
31,2019-10-23,0,5,61879.862497711154,36582.66143798828,98462.52393569943
32,2019-10-24,1,5,43570.2251899719,54505.84201812744,98076.06720809934
33,2019-10-25,1,4,48467.63539581296,49436.07978820801,97903.71518402097
34,2019-10-28,0,4,48467.63539581296,48973.69270324707,97441.32809906003
35,2019-10-29,0,4,48467.63539581296,49183.180236816406,97650.81563262937
36,2019-10-30,2,4,49551.24149703977,48951.4663696289,98502.70786666867
37,2019-10-31,0,4,49551.24149703977,48983.620834350586,98534.86233139035
38,2019-11-01,0,4,49551.24149703977,48586.31935119629,98137.56084823605
39,2019-11-04,0,4,49551.24149703977,47748.43673706055,97299.67823410031
40,2019-11-05,1,3,53912.4935783386,44048.367500305176,97960.86107864378
41,2019-11-06,1,4,49373.927881622294,49027.04391479491,98400.9717964172
42,2019-11-07,0,4,49373.927881622294,48824.14798736572,98198.07586898802
43,2019-11-08,0,4,49373.927881622294,48945.92113494873,98319.84901657102
44,2019-11-11,0,4,49373.927881622294,48695.0159072876,98068.94378890989
45,2019-11-12,1,5,35659.817346954325,62490.67306518555,98150.49041213987
46,2019-11-13,0,5,35659.817346954325,62492.49706268311,98152.31440963745
47,2019-11-14,0,5,35659.817346954325,62161.319160461426,97821.13650741575
48,2019-11-15,2,5,28652.775041198714,69358.2899093628,98011.0649505615
49,2019-11-18,1,6,20168.084403991685,77649.18670654297,97817.27111053465
50,2019-11-19,0,6,20168.084403991685,76981.66770935059,97149.75211334227
51,2019-11-20,1,5,25022.788445281967,71633.620262146,96656.40870742797
52,2019-11-21,1,6,12694.547296905503,83836.083984375,96530.6312812805
53,2019-11-22,0,6,12694.547296905503,84058.16230773926,96752.70960464476
54,2019-11-25,1,5,26361.375782012925,70504.53720092773,96865.91298294066
55,2019-11-26,0,5,26361.375782012925,71059.73052978517,97421.1063117981
56,2019-11-27,1,6,20925.921775054918,76852.51884460449,97778.4406196594
57,2019-11-29,0,6,20925.921775054918,76556.19850158691,97482.12027664183
58,2019-12-02,0,6,20925.921775054918,76393.55239868164,97319.47417373655
59,2019-12-03,1,7,15947.195287322986,80474.82223510742,96422.01752243041
60,2019-12-04,0,7,15947.195287322986,81072.86071777344,97020.05600509643
61,2019-12-05,1,6,52315.079137420646,44512.722396850586,96827.80153427123
62,2019-12-06,1,7,36028.20027999877,61321.93603515625,97350.13631515502
63,2019-12-09,1,8,20957.399236297595,76388.17138671875,97345.57062301635
64,2019-12-10,1,7,31908.098752593985,65379.71382141113,97287.81257400512
65,2019-12-11,0,7,31908.098752593985,66211.63024902344,98119.72900161742
66,2019-12-12,1,7,19190.34875717162,79826.26113891602,99016.60989608764
67,2019-12-13,0,7,19190.34875717162,80127.96440124512,99318.31315841674
68,2019-12-16,0,7,19190.34875717162,80221.0693359375,99411.41809310913
69,2019-12-17,0,7,19190.34875717162,79649.58457946777,98839.9333366394
70,2019-12-18,1,8,13742.981322479238,83462.27264404297,97205.2539665222
71,2019-12-19,0,8,13742.981322479238,83658.10928344727,97401.0906059265
72,2019-12-20,1,7,22105.904878997793,76115.68794250488,98221.59282150268
73,2019-12-23,0,7,22105.904878997793,76214.25476074219,98320.15963973998
74,2019-12-24,1,8,1798.5316001892024,96414.0869140625,98212.6185142517
75,2019-12-26,0,8,1798.5316001892024,96854.35600280762,98652.88760299682
76,2019-12-27,1,8,1798.5316001892024,97036.7057800293,98835.2373802185
77,2019-12-30,2,7,18789.0445487976,79356.63146972656,98145.67601852416
78,2019-12-31,0,7,18789.0445487976,79631.37664794922,98420.42119674681
79,2020-01-02,0,7,18789.0445487976,79687.96653747559,98477.01108627318
80,2020-01-03,1,8,7963.258336639396,89570.46585083008,97533.72418746947
81,2020-01-06,1,8,7963.258336639396,89451.9832611084,97415.2415977478
82,2020-01-07,0,8,7963.258336639396,89031.0073852539,96994.2657218933
83,2020-01-08,0,8,7963.258336639396,89717.44918823242,97680.70752487182
84,2020-01-09,1,8,7963.258336639396,90096.62246704102,98059.88080368041
85,2020-01-10,1,7,18667.304778289785,79110.49995422363,97777.80473251341
86,2020-01-13,0,7,18667.304778289785,80108.22105407715,98775.52583236693
87,2020-01-14,0,7,18667.304778289785,80283.8939666748,98951.19874496458
88,2020-01-15,2,6,23665.780834197987,75488.64669799805,99154.42753219603
89,2020-01-16,0,6,23665.780834197987,75829.8355102539,99495.61634445189
90,2020-01-17,0,6,23665.780834197987,76274.00436401367,99939.78519821166
91,2020-01-21,1,7,14186.860987091053,85477.35748291016,99664.21847000121
92,2020-01-22,0,7,14186.860987091053,85712.33329772949,99899.19428482055
93,2020-01-23,0,7,14186.860987091053,85664.22386169434,99851.0848487854
94,2020-01-24,1,8,1796.2409965515017,98125.27923583984,99921.52023239134
95,2020-01-27,1,8,1796.2409965515017,96269.34585571289,98065.58685226439
96,2020-01-28,0,8,1796.2409965515017,96521.72889709473,98317.96989364622
97,2020-01-29,0,8,1796.2409965515017,96279.51202392578,98075.75302047728
98,2020-01-30,2,7,7946.511553955066,90455.02243041992,98401.53398437498
99,2020-01-31,0,7,7946.511553955066,89664.43328857422,97610.94484252928
100,2020-02-03,1,7,7946.511553955066,90270.04623413086,98216.55778808592
101,2020-02-04,0,7,7946.511553955066,91793.28880310059,99739.80035705565
102,2020-02-05,1,6,19916.972270202627,80808.47053527832,100725.44280548094
103,2020-02-06,1,7,14785.814453124989,85881.56623840332,100667.3806915283
104,2020-02-07,0,7,14785.814453124989,86648.96240234375,101434.77685546874
105,2020-02-10,1,6,19928.076990509024,82114.16893005371,102042.24592056274
106,2020-02-11,0,6,19928.076990509024,82477.73971557617,102405.8167060852
107,2020-02-12,1,7,15313.463047027579,87225.08316040039,102538.54620742796
108,2020-02-13,0,7,15313.463047027579,87837.28523254395,103150.74827957152
109,2020-02-14,0,7,15313.463047027579,87706.02264404297,103019.48569107054
110,2020-02-18,1,8,10580.589374542227,92254.97970581055,102835.56908035277
111,2020-02-19,0,8,10580.589374542227,92538.68980407715,103119.27917861937
112,2020-02-20,1,7,21324.55825271606,81976.25045776367,103300.80871047973
113,2020-02-21,1,8,14085.789391326898,88594.56214904785,102680.35154037474
114,2020-02-24,1,8,14085.789391326898,85731.29615783691,99817.0855491638
115,2020-02-25,1,7,18101.78572082519,79070.4210281372,97172.2067489624
116,2020-02-26,0,7,18101.78572082519,79257.95269012451,97359.7384109497
117,2020-02-27,1,8,2607.418899536129,91578.9779663086,94186.39686584473
118,2020-02-28,0,8,2607.418899536129,90572.71556854248,93180.13446807861
119,2020-03-02,0,8,2607.418899536129,94141.41006469727,96748.8289642334
120,2020-03-03,1,8,2607.418899536129,91642.35610961914,94249.77500915527
121,2020-03-04,0,8,2607.418899536129,95680.81970214844,98288.23860168457
122,2020-03-05,1,7,7837.25579986572,87305.60817718506,95142.86397705077
123,2020-03-06,1,8,240.89146118163808,93298.03047180176,93538.9219329834
124,2020-03-09,1,8,240.89146118163808,86724.04327392578,86964.93473510742
125,2020-03-10,1,7,25180.700701904294,65083.7043762207,90264.405078125
126,2020-03-11,0,7,25180.700701904294,62183.628845214844,87364.32954711914
127,2020-03-12,1,8,21436.22680892944,59890.96851348877,81327.1953224182
128,2020-03-13,0,8,21436.22680892944,65889.96562957764,87326.19243850707
129,2020-03-16,0,8,21436.22680892944,57468.42403411865,78904.65084304809
130,2020-03-17,0,8,21436.22680892944,60527.83145904541,81964.05826797485
131,2020-03-18,1,9,6693.465483856198,72974.70035552979,79668.16583938598
132,2020-03-19,0,9,6693.465483856198,74744.25392150879,81437.71940536499
133,2020-03-20,1,8,8910.84590950012,70172.48916625977,79083.33507575988
134,2020-03-23,0,8,8910.84590950012,70412.29858398438,79323.14449348449
135,2020-03-24,1,9,2827.729610824583,83158.07914733887,85985.80875816345
136,2020-03-25,1,8,8853.185448074339,76926.15852355957,85779.3439716339
137,2020-03-26,0,8,8853.185448074339,81674.66239929199,90527.84784736633
138,2020-03-27,1,8,8853.185448074339,78960.9561920166,87814.14164009094
139,2020-03-30,2,8,18186.415993118284,73242.53940582275,91428.95539894103
140,2020-03-31,0,8,18186.415993118284,71852.38857269287,90038.80456581115
141,2020-04-01,0,8,18186.415993118284,68292.98248291016,86479.39847602844
142,2020-04-02,0,8,18186.415993118284,69881.4416885376,88067.85768165588
143,2020-04-03,1,9,11636.059630203245,75319.05765533447,86955.11728553772
144,2020-04-06,1,9,8187.576393508909,83587.82348632812,91775.39987983703
145,2020-04-07,0,9,8187.576393508909,83648.82431030273,91836.40070381164
146,2020-04-08,0,9,8187.576393508909,86296.52481079102,94484.10120429992
147,2020-04-09,1,9,1067.623791885374,94571.50802612305,95639.13181800842
148,2020-04-13,0,9,1067.623791885374,94888.58814239502,95956.21193428039
149,2020-04-14,0,9,1067.623791885374,98463.12980651855,99530.75359840393
150,2020-04-15,2,8,12624.868407058713,84628.4013748169,97253.26978187561
151,2020-04-16,0,8,12624.868407058713,85248.75030517578,97873.6187122345
152,2020-04-17,0,8,12624.868407058713,87532.31906890869,100157.18747596741
153,2020-04-20,1,7,27784.757338333126,71358.46767425537,99143.22501258849
154,2020-04-21,1,8,14029.906917190547,82193.8066482544,96223.71356544494
155,2020-04-22,0,8,14029.906917190547,83959.12322998047,97989.03014717101
156,2020-04-23,0,8,14029.906917190547,83902.05917358398,97931.96609077453
157,2020-04-24,1,9,8904.203942489621,90879.20761108398,99783.4115535736
158,2020-04-27,1,9,8904.203942489621,93378.08570861816,102282.28965110779
159,2020-04-28,0,9,8904.203942489621,93333.35571289062,102237.55965538025
160,2020-04-29,0,9,8904.203942489621,94372.83477783203,103277.03872032165
161,2020-04-30,2,8,15566.311552047726,86148.55308532715,101714.86463737488
162,2020-05-01,0,8,15566.311552047726,83863.03825378418,99429.34980583191
163,2020-05-04,0,8,15566.311552047726,84947.06001281738,100513.37156486511
164,2020-05-05,1,7,30401.823072433468,70727.14500427246,101128.96807670593
165,2020-05-06,1,8,27576.208987808222,73125.54473876953,100701.75372657775
166,2020-05-07,0,8,27576.208987808222,73969.33898925781,101545.54797706603
167,2020-05-08,0,8,27576.208987808222,75795.70503234863,103371.91402015685
168,2020-05-11,0,8,27576.208987808222,75844.58312988281,103420.79211769103
169,2020-05-12,1,8,27576.208987808222,74726.3765335083,102302.58552131652
170,2020-05-13,0,8,27576.208987808222,73553.38039398193,101129.58938179015
171,2020-05-14,0,8,27576.208987808222,74595.3125,102171.52148780822
172,2020-05-15,2,8,18350.703693771356,84466.59927368164,102817.302967453
173,2020-05-18,1,9,13371.250581741328,91379.12063598633,104750.37121772766
174,2020-05-19,0,9,13371.250581741328,89835.95237731934,103207.20295906067
175,2020-05-20,1,8,16654.577841567985,87586.83700561523,104241.41484718322
176,2020-05-21,1,9,14297.462895584098,90040.96412658691,104338.42702217102
177,2020-05-22,0,9,14297.462895584098,89594.33536529541,103891.79826087951
178,2020-05-26,0,9,14297.462895584098,90590.01979827881,104887.48269386291
179,2020-05-27,1,9,14297.462895584098,91723.29902648926,106020.76192207336
180,2020-05-28,0,9,14297.462895584098,91765.38410186768,106062.84699745178
181,2020-05-29,0,9,14297.462895584098,92638.62190246582,106936.08479804992
182,2020-06-01,0,9,14297.462895584098,93712.02697753906,108009.48987312317
183,2020-06-02,0,9,14297.462895584098,94584.43069458008,108881.89359016418
184,2020-06-03,1,10,7086.820242691032,102928.82652282715,110015.64676551818
185,2020-06-04,0,10,7086.820242691032,102612.84465789795,109699.66490058898
186,2020-06-05,1,9,10126.551693725578,101821.07391357422,111947.6256072998
187,2020-06-08,0,9,10126.551693725578,103178.74145507812,113305.2931488037
188,2020-06-09,1,10,991.8789947509686,111313.62571716309,112305.50471191405
189,2020-06-10,1,9,12663.516862487784,99709.79537963867,112373.31224212646
190,2020-06-11,0,9,12663.516862487784,93631.90116882324,106295.41803131103
191,2020-06-12,1,9,7649.01033935546,99197.08633422852,106846.09667358398
192,2020-06-15,2,8,14020.749456024161,93725.58212280273,107746.3315788269
193,2020-06-16,0,8,14020.749456024161,95996.85974121094,110017.6091972351
194,2020-06-17,0,8,14020.749456024161,95105.24368286133,109125.99313888549
195,2020-06-18,1,9,8184.930047607413,101389.53666687012,109574.46671447753
196,2020-06-19,0,9,8184.930047607413,101169.37561035156,109354.30565795898
197,2020-06-22,0,9,8184.930047607413,101620.27702331543,109805.20707092284
198,2020-06-23,0,9,8184.930047607413,102165.11001586914,110350.04006347655
199,2020-06-24,1,10,2637.4016006469637,104815.15274047852,107452.55434112548
200,2020-06-25,1,9,8108.5491172790435,100289.18190002441,108397.73101730346
201,2020-06-26,0,9,8108.5491172790435,98272.73635864258,106381.28547592163
202,2020-06-29,0,9,8108.5491172790435,100725.28076171875,108833.8298789978
203,2020-06-30,2,9,25579.07832336425,85168.01223754883,110747.09056091309
204,2020-07-01,0,9,25579.07832336425,85888.66310119629,111467.74142456055
205,2020-07-02,0,9,25579.07832336425,88197.92137145996,113776.99969482422
206,2020-07-06,1,10,19437.039712524405,97435.39543151855,116872.43514404296
207,2020-07-07,0,10,19437.039712524405,97047.33085632324,116484.37056884765
208,2020-07-08,0,10,19437.039712524405,96478.67164611816,115915.71135864257
209,2020-07-09,1,11,6285.6551666259675,109087.84828186035,115373.50344848631
210,2020-07-10,1,10,28085.56081542968,90811.84844970703,118897.40926513671
211,2020-07-13,0,10,28085.56081542968,90275.62828063965,118361.18909606933
212,2020-07-14,0,10,28085.56081542968,91498.94790649414,119584.50872192382
213,2020-07-15,2,10,18414.380436706535,102260.92376708984,120675.30420379638
214,2020-07-16,0,10,18414.380436706535,101435.66703796387,119850.0474746704
215,2020-07-17,0,10,18414.380436706535,101704.97360229492,120119.35403900145
216,2020-07-20,1,9,24317.797667694085,97129.8110961914,121447.6087638855
217,2020-07-21,1,10,14650.864452362055,106749.40948486328,121400.27393722534
218,2020-07-22,0,10,14650.864452362055,107739.08462524414,122389.9490776062
219,2020-07-23,0,10,14650.864452362055,106013.68560791016,120664.55006027222
220,2020-07-24,1,11,5341.444916534418,113502.33993530273,118843.78485183715
221,2020-07-27,1,11,5341.444916534418,115366.82624816895,120708.27116470336
222,2020-07-28,0,11,5341.444916534418,114412.65449523926,119754.09941177367
223,2020-07-29,0,11,5341.444916534418,115935.44883728027,121276.89375381469
224,2020-07-30,2,11,7085.758698272698,113653.73344421387,120739.49214248656
225,2020-07-31,0,11,7085.758698272698,112755.60760498047,119841.36630325316
226,2020-08-03,1,11,7085.758698272698,114098.32000732422,121184.07870559691
227,2020-08-04,0,11,7085.758698272698,114230.35469055176,121316.11338882445
228,2020-08-05,1,10,12358.098085021964,110442.41256713867,122800.51065216064
229,2020-08-06,1,10,12358.098085021964,110418.02825927734,122776.12634429931
230,2020-08-07,0,10,12358.098085021964,110148.20327758789,122506.30136260985
231,2020-08-10,1,9,18597.457837676993,104201.60026550293,122799.05810317992
232,2020-08-11,0,9,18597.457837676993,103581.36863708496,122178.82647476195
233,2020-08-12,1,10,7158.90602951049,117554.87937927246,124713.78540878295
234,2020-08-13,0,10,7158.90602951049,118422.15385437012,125581.0598838806
235,2020-08-14,0,10,7158.90602951049,119041.3314819336,126200.23751144408
236,2020-08-17,0,10,7158.90602951049,122130.39855957031,129289.3045890808
237,2020-08-18,1,10,7158.90602951049,122520.27130126953,129679.17733078002
238,2020-08-19,0,10,7158.90602951049,122259.85412597656,129418.76015548705
239,2020-08-20,1,9,33796.591399383535,97079.64324951172,130876.23464889525
240,2020-08-21,1,10,23121.775623321522,108232.28721618652,131354.06283950806
241,2020-08-24,1,11,16355.050344085683,116889.35852050781,133244.40886459348
242,2020-08-25,1,10,27204.45901260375,105951.05018615723,133155.50919876096
243,2020-08-26,0,10,27204.45901260375,105609.95750427246,132814.4165168762
244,2020-08-27,1,11,10170.459012603751,123088.42582702637,133258.8848396301
245,2020-08-28,0,11,10170.459012603751,124026.0025024414,134196.46151504514
246,2020-08-31,0,11,10170.459012603751,123338.76075744629,133509.21977005003
247,2020-09-01,0,11,10170.459012603751,124560.78224182129,134731.24125442503
248,2020-09-02,0,11,10170.459012603751,127238.2194519043,137408.67846450803
249,2020-09-03,1,11,10170.459012603751,123089.21394348145,133259.67295608518
250,2020-09-04,0,11,10170.459012603751,120915.7112121582,131086.17022476194
251,2020-09-08,0,11,10170.459012603751,117392.7074432373,127563.16645584106
252,2020-09-09,1,11,10170.459012603751,120329.62036132812,130500.07937393188
253,2020-09-10,1,10,22434.90912399291,105575.83923339844,128010.74835739135
254,2020-09-11,0,10,22434.90912399291,105476.71318054199,127911.6223045349
255,2020-09-14,0,10,22434.90912399291,106458.68797302246,128893.59709701537
256,2020-09-15,2,10,28688.528356647483,100077.8495311737,128766.37788782119
257,2020-09-16,0,10,28688.528356647483,99727.01692581177,128415.54528245925
258,2020-09-17,0,10,28688.528356647483,98643.27001571655,127331.79837236404
259,2020-09-18,1,11,4759.676394367209,121570.32117843628,126329.99757280349
260,2020-09-21,1,12,381.7237172126679,124149.82409477234,124531.547811985
261,2020-09-22,0,12,381.7237172126679,125733.21027755737,126114.93399477004
262,2020-09-23,0,12,381.7237172126679,124051.34263038635,124433.06634759901
263,2020-09-24,1,12,381.7237172126679,124153.9589881897,124535.68270540236
264,2020-09-25,1,11,9200.1774113655,116337.52212524414,125537.69953660964
265,2020-09-28,0,11,9200.1774113655,118394.26894187927,127594.44635324477
266,2020-09-29,0,11,9200.1774113655,118085.00294685364,127285.18035821914
267,2020-09-30,2,10,32261.65702867507,95484.48686599731,127746.14389467238
268,2020-10-01,0,10,32261.65702867507,95814.34350013733,128076.0005288124
269,2020-10-02,0,10,32261.65702867507,95129.63428497314,127391.29131364821
270,2020-10-05,1,9,48225.66569871901,80806.80665969849,129032.4723584175
271,2020-10-06,1,9,48225.66569871901,79872.60928153992,128098.27498025892
272,2020-10-07,0,9,48225.66569871901,81204.65574264526,129430.32144136427
273,2020-10-08,0,9,48225.66569871901,82292.94972419739,130518.6154229164
274,2020-10-09,1,10,42699.226556873306,88075.54607391357,130774.77263078687
275,2020-10-12,1,11,28690.221991443617,102541.56169891357,131231.7836903572
276,2020-10-13,0,11,28690.221991443617,102817.72260665894,131507.94459810256
277,2020-10-14,0,11,28690.221991443617,102149.41749572754,130839.63948717115
278,2020-10-15,2,11,19520.861960315688,110951.7107963562,130472.57275667189
279,2020-10-16,0,11,19520.861960315688,112082.50522613525,131603.36718645095
280,2020-10-19,0,11,19520.861960315688,110533.81567001343,130054.67763032911
281,2020-10-20,1,10,24994.49968004225,105102.64849662781,130097.14817667006
282,2020-10-21,1,10,24994.49968004225,105555.63430786133,130550.13398790358
283,2020-10-22,0,10,24994.49968004225,105044.1164970398,130038.61617708205
284,2020-10-23,0,10,24994.49968004225,105255.63735961914,130250.1370396614
285,2020-10-26,0,10,24994.49968004225,103483.41917991638,128477.91885995863
286,2020-10-27,1,11,15677.080014514902,112129.6480178833,127806.7280323982
287,2020-10-28,0,11,15677.080014514902,109073.91266822815,124750.99268274305
288,2020-10-29,0,11,15677.080014514902,109615.38925170898,125292.46926622388
289,2020-10-30,2,11,27169.06416826246,96786.37113571167,123955.43530397413
290,2020-11-02,0,11,27169.06416826246,99020.27130126953,126189.33546953199
291,2020-11-03,1,12,401.8946187019137,127264.14308547974,127666.03770418165
292,2020-11-04,0,12,401.8946187019137,126831.51717185974,127233.41179056166
293,2020-11-05,1,11,23489.80137834547,106398.91204833984,129888.71342668531
294,2020-11-06,1,11,23489.80137834547,106198.79488945007,129688.59626779554
295,2020-11-09,1,12,19148.326311206798,113815.07277488708,132963.39908609388
296,2020-11-10,1,11,24013.928845691662,110024.05290603638,134037.98175172805
297,2020-11-11,0,11,24013.928845691662,109398.27651977539,133412.20536546706
298,2020-11-12,1,12,18058.035632038096,114127.51035690308,132185.54598894116
299,2020-11-13,0,12,18058.035632038096,116703.26681137085,134761.30244340893
300,2020-11-16,0,12,18058.035632038096,118907.05108642578,136965.08671846386
301,2020-11-17,0,12,18058.035632038096,119138.73147964478,137196.76711168286
302,2020-11-18,1,13,14489.955616474132,121671.78630828857,136161.7419247627
303,2020-11-19,0,13,14489.955616474132,120990.1029586792,135480.05857515332
304,2020-11-20,1,12,24731.580366229988,110079.28466796875,134810.86503419874
305,2020-11-23,0,12,24731.580366229988,112277.4585723877,137009.03893861768
306,2020-11-24,1,12,24731.580366229988,114668.48192214966,139400.06228837965
307,2020-11-25,1,11,33063.28977327344,105939.59341049194,139002.8831837654
308,2020-11-27,1,12,26122.871854877445,112401.67446136475,138524.5463162422
309,2020-11-30,2,12,19104.35219087598,118510.60934066772,137614.9615315437
310,2020-12-01,0,12,19104.35219087598,119886.45896911621,138990.81115999218
311,2020-12-02,0,12,19104.35219087598,120945.81508636475,140050.16727724072
312,2020-12-03,1,13,9367.220417499515,130930.85241317749,140298.072830677
313,2020-12-04,0,13,9367.220417499515,132279.57620620728,141646.7966237068
314,2020-12-07,0,13,9367.220417499515,132032.99036026,141400.21077775952
315,2020-12-08,0,13,9367.220417499515,132844.0640449524,142211.2844624519
316,2020-12-09,1,14,5475.329323291751,136385.97993850708,141861.30926179883
317,2020-12-10,1,13,15820.015207385988,124934.51328277588,140754.52849016187
318,2020-12-11,0,13,15820.015207385988,124359.8560333252,140179.8712407112
319,2020-12-14,0,13,15820.015207385988,123099.13330078125,138919.14850816724
320,2020-12-15,2,12,16709.120693302124,123374.76577758789,140083.88647089002
321,2020-12-16,0,12,16709.120693302124,123766.83769226074,140475.95838556287
322,2020-12-17,0,12,16709.120693302124,124244.42939758301,140953.55009088514
323,2020-12-18,1,13,12911.443835544556,125511.93351745605,138423.3773530006
324,2020-12-21,1,14,4221.298553562134,134031.89430236816,138253.1928559303
325,2020-12-22,0,14,4221.298553562134,132994.3416595459,137215.64021310804
326,2020-12-23,0,14,4221.298553562134,133445.57075500488,137666.86930856702
327,2020-12-24,1,15,2351.896435642212,135476.98211669922,137828.87855234143
328,2020-12-28,0,15,2351.896435642212,135402.472114563,137754.3685502052
329,2020-12-29,0,15,2351.896435642212,135191.65687561035,137543.55331125256
330,2020-12-30,2,14,11015.783935642212,126610.81867218018,137626.6026078224
331,2020-12-31,0,14,11015.783935642212,127676.76448822021,138692.54842386243
332,2021-01-04,0,14,11015.783935642212,125658.07704925537,136673.8609848976
333,2021-01-05,1,13,24899.120370578734,112513.9726638794,137413.0930344581
334,2021-01-06,1,14,21013.388955783812,118855.17101287842,139868.55996866222
335,2021-01-07,0,14,21013.388955783812,119391.07131958008,140404.46027536388
336,2021-01-08,0,14,21013.388955783812,119212.38307952881,140225.7720353126
337,2021-01-11,0,14,21013.388955783812,119768.82648468018,140782.21544046397
338,2021-01-12,1,14,21013.388955783812,120667.92182922363,141681.31078500743
339,2021-01-13,0,14,21013.388955783812,121811.55471801758,142824.94367380138
340,2021-01-14,0,14,21013.388955783812,123405.83667755127,144419.22563333507
341,2021-01-15,2,14,17811.27114267346,125488.57746124268,143299.84860391612
342,2021-01-19,0,14,17811.27114267346,125945.80726623535,143757.0784089088
343,2021-01-20,1,13,30460.46581735608,113425.94585418701,143886.4116715431
344,2021-01-21,1,14,17909.301226901975,125296.4241027832,143205.72532968517
345,2021-01-22,0,14,17909.301226901975,124412.30354309082,142321.6047699928
346,2021-01-25,1,13,27820.65750894543,113726.52320861816,141547.1807175636
347,2021-01-26,0,13,27820.65750894543,112254.57420349121,140075.23171243665
348,2021-01-27,1,14,25049.855397510495,112189.89505767822,137239.7504551887
349,2021-01-28,0,14,25049.855397510495,113473.54125976562,138523.3966572761
350,2021-01-29,0,14,25049.855397510495,111085.64205169678,136135.49744920727
351,2021-02-01,0,14,25049.855397510495,111883.6389541626,136933.4943516731
352,2021-02-02,0,14,25049.855397510495,113607.94467926025,138657.80007677074
353,2021-02-03,1,15,5817.727071094483,133244.37408447266,139062.10115556713
354,2021-02-04,0,15,5817.727071094483,136082.67059326172,141900.3976643562
355,2021-02-05,1,14,21116.23286638257,121820.47328948975,142936.70615587232
356,2021-02-08,0,14,21116.23286638257,122630.58223724365,143746.81510362623
357,2021-02-09,1,15,14093.575296497314,129057.47299194336,143151.04828844068
358,2021-02-10,1,14,22175.477092456786,121197.96161651611,143373.43870897288
359,2021-02-11,0,14,22175.477092456786,120682.18841552734,142857.66550798411
360,2021-02-12,1,15,17675.22869157788,126963.21086883545,144638.43956041333
361,2021-02-16,0,15,17675.22869157788,126966.60842895508,144641.83712053296
362,2021-02-17,0,15,17675.22869157788,127123.78902435303,144799.0177159309
363,2021-02-18,1,15,17675.22869157788,125907.83977508545,143583.06846666333
364,2021-02-19,0,15,17675.22869157788,126139.81952667236,143815.04821825025
365,2021-02-22,0,15,17675.22869157788,127050.61054229736,144725.83923387525
366,2021-02-23,0,15,17675.22869157788,127410.77270507812,145086.001396656
367,2021-02-24,1,16,13282.714478778806,134434.44747924805,147717.16195802685
368,2021-02-25,1,15,33188.01909608838,112050.9838104248,145239.00290651317
369,2021-02-26,0,15,33188.01909608838,110827.27241516113,144015.2915112495
370,2021-03-01,0,15,33188.01909608838,113068.77307891846,146256.79217500682
371,2021-03-02,0,15,33188.01909608838,112767.5859451294,145955.60504121776
372,2021-03-03,1,16,10286.307340717289,136043.81580352783,146330.12314424512
373,2021-03-04,0,16,10286.307340717289,134262.4475479126,144548.7548886299
374,2021-03-05,1,15,12979.137815570804,133875.98114013672,146855.11895570753
375,2021-03-08,0,15,12979.137815570804,134066.96281433105,147046.10062990186
376,2021-03-09,1,16,8473.969698047611,139526.3017654419,148000.2714634895
377,2021-03-10,1,15,33891.28118791578,117065.3148651123,150956.59605302807
378,2021-03-11,0,15,33891.28118791578,118053.31916809082,151944.6003560066
379,2021-03-12,1,16,17718.902418994883,136663.8011932373,154382.70361223217
380,2021-03-15,2,16,35486.80775499342,118543.33362579346,154030.14138078687
381,2021-03-16,0,16,35486.80775499342,118012.45193481445,153499.25968980786
382,2021-03-17,0,16,35486.80775499342,117809.81540679932,153296.62316179273
383,2021-03-18,1,17,17930.11987352369,134304.49237823486,152234.61225175855
384,2021-03-19,0,17,17930.11987352369,134587.84255981445,152517.96243333814
385,2021-03-22,0,17,17930.11987352369,135070.8583831787,153000.9782567024
386,2021-03-23,0,17,17930.11987352369,133256.7102432251,151186.83011674878
387,2021-03-24,1,17,17930.11987352369,133398.37684631348,151328.49671983716
388,2021-03-25,1,16,36691.14932909009,116593.11580657959,153284.26513566967
389,2021-03-26,0,16,36691.14932909009,118669.11029815674,155360.25962724682
390,2021-03-29,0,16,36691.14932909009,118591.05796813965,155282.20729722973
391,2021-03-30,2,16,31329.064458942386,123691.14055633545,155020.20501527784
392,2021-03-31,0,16,31329.064458942386,123578.23791503906,154907.30237398145
393,2021-04-01,0,16,31329.064458942386,124271.98486328125,155601.04932222364
394,2021-04-05,1,15,36659.49246797559,119335.54973602295,155995.04220399854
395,2021-04-06,1,16,5972.239489459967,149704.35314178467,155676.59263124462
396,2021-04-07,0,16,5972.239489459967,150483.78238677979,156456.02187623974
397,2021-04-08,0,16,5972.239489459967,150642.56172180176,156614.8012112617
398,2021-04-09,1,16,5972.239489459967,151676.27143859863,157648.5109280586
399,2021-04-12,1,16,5972.239489459967,151487.99800872803,157460.23749818798
400,2021-04-13,0,16,5972.239489459967,151132.92789459229,157105.16738405224
401,2021-04-14,0,16,5972.239489459967,150674.16553497314,156646.4050244331
402,2021-04-15,2,15,13484.923725604987,144321.68769836426,157806.61142396924
403,2021-04-16,0,15,13484.923725604987,144345.49293518066,157830.41666078565
404,2021-04-19,0,15,13484.923725604987,143704.74128723145,157189.66501283643
405,2021-04-20,1,14,22963.771970844242,133691.06197357178,156654.83394441602
406,2021-04-21,1,14,22963.771970844242,134412.1250152588,157375.89698610303
407,2021-04-22,0,14,22963.771970844242,133240.56549072266,156204.3374615669
408,2021-04-23,0,14,22963.771970844242,133790.08178710938,156753.85375795362
409,2021-04-26,0,14,22963.771970844242,134194.5068359375,157158.27880678175
410,2021-04-27,1,15,17239.728860950443,141780.30681610107,159020.03567705152
411,2021-04-28,0,15,17239.728860950443,143212.21542358398,160451.94428453443
412,2021-04-29,0,15,17239.728860950443,145984.97123718262,163224.70009813306
413,2021-04-30,2,14,49682.711520862555,112664.73484039307,162347.44636125563
414,2021-05-03,1,14,29217.69631700513,134896.7975616455,164114.49387865065
415,2021-05-04,0,14,29217.69631700513,135084.44423675537,164302.14055376052
416,2021-05-05,1,13,37328.05137681958,128123.410987854,165451.46236467359
417,2021-05-06,1,14,14559.836673450438,151542.33741760254,166102.17409105296
418,2021-05-07,0,14,14559.836673450438,152644.81029510498,167204.6469685554
419,2021-05-10,1,13,19932.448517322508,147466.40281677246,167398.85133409497
420,2021-05-11,0,13,19932.448517322508,145813.01231384277,165745.46083116528
421,2021-05-12,1,14,2788.3012944221155,160960.96687316895,163749.26816759107
422,2021-05-13,0,14,2788.3012944221155,163307.06615447998,166095.3674489021
423,2021-05-14,0,14,2788.3012944221155,164568.66703033447,167356.9683247566
424,2021-05-17,0,14,2788.3012944221155,164609.14478302002,167397.44607744215
425,2021-05-18,1,14,2788.3012944221155,163452.9748916626,166241.27618608472
426,2021-05-19,0,14,2788.3012944221155,162985.84270477295,165774.14399919508
427,2021-05-20,1,13,9222.5162983894,157694.1110610962,166916.6273594856
428,2021-05-21,1,13,9222.5162983894,157548.15769195557,166770.67399034498
429,2021-05-24,1,13,9222.5162983894,158595.7492828369,167818.26558122633
430,2021-05-25,1,12,24770.110930347408,141982.0119857788,166752.12291612622
431,2021-05-26,0,12,24770.110930347408,142417.95482635498,167188.0657567024
432,2021-05-27,1,13,20637.988516712154,146197.56298065186,166835.551497364
433,2021-05-28,0,13,20637.988516712154,146724.27101135254,167362.2595280647
434,2021-06-01,0,13,20637.988516712154,146450.26149749756,167088.2500142097
435,2021-06-02,0,13,20637.988516712154,146585.96954345703,167223.95806016919
436,2021-06-03,1,13,20637.988516712154,146501.83944702148,167139.82796373364
437,2021-06-04,0,13,20637.988516712154,146931.2957763672,167569.28429307934
438,2021-06-07,0,13,20637.988516712154,146979.53872680664,167617.5272435188
439,2021-06-08,0,13,20637.988516712154,145855.89275360107,166493.88127031323
440,2021-06-09,1,14,11708.879781055415,153133.69140625,164842.5711873054
441,2021-06-10,1,13,16515.48037767407,149662.72659301758,166178.20697069165
442,2021-06-11,0,13,16515.48037767407,150063.79528045654,166579.27565813062
443,2021-06-14,0,13,16515.48037767407,149792.74425506592,166308.22463274
444,2021-06-15,2,13,10516.7439660072,155966.38069152832,166483.12465753552
445,2021-06-16,0,13,10516.7439660072,155111.70501708984,165628.44898309704
446,2021-06-17,0,13,10516.7439660072,153633.89015197754,164150.63411798474
447,2021-06-18,1,14,4137.509345340695,157599.03945922852,161736.5488045692
448,2021-06-21,1,15,1060.755020999875,163615.35682678223,164676.1118477821
449,2021-06-22,0,15,1060.755020999875,164001.81045532227,165062.56547632214
450,2021-06-23,0,15,1060.755020999875,163174.0846633911,164234.839684391
451,2021-06-24,1,15,1060.755020999875,164320.40729522705,165381.16231622692
452,2021-06-25,1,14,9544.429633426633,155952.73036956787,165497.1600029945
453,2021-06-28,0,14,9544.429633426633,155913.36402893066,165457.7936623573
454,2021-06-29,0,14,9544.429633426633,155979.60891723633,165524.03855066295
455,2021-06-30,2,14,10070.36102609631,156087.00771331787,166157.36873941417
456,2021-07-01,0,14,10070.36102609631,157355.6167602539,167425.9777863502
457,2021-07-02,0,14,10070.36102609631,158160.14614105225,168230.50716714855
458,2021-07-06,1,14,10070.36102609631,157094.1177368164,167164.4787629127
459,2021-07-07,0,14,10070.36102609631,157921.01497650146,167991.37600259777
460,2021-07-08,0,14,10070.36102609631,156814.28661346436,166884.64763956066
461,2021-07-09,1,15,2148.116583347287,166137.26978302002,168285.3863663673
462,2021-07-12,1,15,2148.116583347287,166386.0206604004,168534.13724374768
463,2021-07-13,0,15,2148.116583347287,165694.86446380615,167842.98104715344
464,2021-07-14,0,15,2148.116583347287,166139.750289917,168287.86687326428
465,2021-07-15,2,14,43237.44986581798,124973.7714767456,168211.22134256357
466,2021-07-16,0,14,43237.44986581798,124055.24787902832,167292.6977448463
467,2021-07-19,0,14,43237.44986581798,122124.21474456787,165361.66461038584
468,2021-07-20,1,13,52234.085757541616,114001.56078338623,166235.64654092785
469,2021-07-21,1,14,48289.708767032585,119351.97410583496,167641.68287286756
470,2021-07-22,0,14,48289.708767032585,118683.71639251709,166973.4251595497
471,2021-07-23,0,14,48289.708767032585,119936.82384490967,168226.53261194227
472,2021-07-26,0,14,48289.708767032585,120344.9686050415,168634.6773720741
473,2021-07-27,1,15,42791.26243448254,126017.92221069336,168809.1846451759
474,2021-07-28,0,15,42791.26243448254,125981.93473815918,168773.19717264173
475,2021-07-29,0,15,42791.26243448254,126761.09275817871,169552.35519266126
476,2021-07-30,2,15,23576.20956583019,145158.56475830078,168734.77432413097
477,2021-08-02,0,15,23576.20956583019,145028.94020080566,168605.14976663585
478,2021-08-03,1,15,23576.20956583019,146425.05683898926,170001.26640481944
479,2021-08-04,0,15,23576.20956583019,145342.07038879395,168918.27995462413
480,2021-08-05,1,14,31390.63819437023,138816.2326812744,170206.87087564464
481,2021-08-06,1,15,19767.21267709728,150242.64945983887,170009.86213693614
482,2021-08-09,1,16,13579.006475925404,155804.31747436523,169383.32395029065
483,2021-08-10,1,15,24897.357582187607,145353.7311553955,170251.0887375831
484,2021-08-11,0,15,24897.357582187607,145655.22689819336,170552.58448038096
485,2021-08-12,1,15,24897.357582187607,146090.38200378418,170987.73958597178
486,2021-08-13,0,15,24897.357582187607,146501.03797912598,171398.39556131358
487,2021-08-16,0,15,24897.357582187607,147506.43501281738,172403.79259500498
488,2021-08-17,0,15,24897.357582187607,147132.0686340332,172029.4262162208
489,2021-08-18,1,16,18967.958825778915,151191.5885925293,170159.5474183082
490,2021-08-19,0,16,18967.958825778915,151915.6032562256,170883.5620820045
491,2021-08-20,1,15,30359.547258090926,141471.8822479248,171831.42950601573
492,2021-08-23,0,15,30359.547258090926,141636.3983154297,171995.9455735206
493,2021-08-24,1,16,25139.87314691539,146577.0725250244,171716.94567193981
494,2021-08-25,1,15,32564.15498285289,139153.9150238037,171718.0700066566
495,2021-08-26,0,15,32564.15498285289,138438.55819702148,171002.71317987438
496,2021-08-27,1,15,13965.51767206188,157841.65687561035,171807.17454767224
497,2021-08-30,2,14,18012.02193994518,154245.5177307129,172257.53967065807
498,2021-08-31,0,14,18012.02193994518,154115.3881072998,172127.41004724498
499,2021-09-01,0,14,18012.02193994518,153692.094039917,171704.11597986217
500,2021-09-02,0,14,18012.02193994518,154950.23498535156,172962.25692529674
501,2021-09-03,1,15,7916.490471744499,164764.2551422119,172680.74561395642
502,2021-09-07,0,15,7916.490471744499,163724.4888305664,171640.9793023109
503,2021-09-08,0,15,7916.490471744499,164235.92224121094,172152.41271295544
504,2021-09-09,1,16,3904.503020572624,167703.85131835938,171608.354338932
505,2021-09-10,1,15,9283.344750308954,162495.28732299805,171778.632073307
506,2021-09-13,0,15,9283.344750308954,162945.6153869629,172228.96013727185
507,2021-09-14,0,15,9283.344750308954,161914.42337036133,171197.76812067028
508,2021-09-15,2,14,13202.18889551159,159666.11099243164,172868.29988794323
509,2021-09-16,0,14,13202.18889551159,159465.01998901367,172667.20888452526
510,2021-09-17,0,14,13202.18889551159,158190.44799804688,171392.63689355846
511,2021-09-20,1,13,19342.771226596797,149543.33419799805,168886.10542459483
512,2021-09-21,1,14,11205.773947238886,157464.68925476074,168670.46320199964
513,2021-09-22,0,14,11205.773947238886,158640.23475646973,169846.00870370862
514,2021-09-23,0,14,11205.773947238886,160043.99795532227,171249.77190256116
515,2021-09-24,1,15,835.8208298682821,172252.4772644043,173088.29809427258
516,2021-09-27,1,15,835.8208298682821,171997.74322509766,172833.56405496594
517,2021-09-28,0,15,835.8208298682821,168638.73252868652,169474.5533585548
518,2021-09-29,0,15,835.8208298682821,169252.29110717773,170088.11193704602
519,2021-09-30,2,14,6115.869148349728,162086.59629821777,168202.4654465675
520,2021-10-01,0,14,6115.869148349728,163169.08950805664,169284.95865640638
521,2021-10-04,0,14,6115.869148349728,161841.97273254395,167957.84188089368
522,2021-10-05,1,13,11328.232368564572,158310.4221343994,169638.654502964
523,2021-10-06,1,13,11328.232368564572,158759.40895080566,170087.64131937025
524,2021-10-07,0,13,11328.232368564572,159845.42961120605,171173.66197977064
525,2021-10-08,0,13,11328.232368564572,159543.73893737793,170871.9713059425
526,2021-10-11,0,13,11328.232368564572,158296.88758850098,169625.11995706556
527,2021-10-12,1,13,11328.232368564572,156938.08212280273,168266.31449136732
528,2021-10-13,0,13,11328.232368564572,156676.66664123535,168004.89900979993
529,2021-10-14,0,13,11328.232368564572,159072.69134521484,170400.92371377943
530,2021-10-15,2,13,10643.065701389278,160444.7052001953,171087.7709015846
531,2021-10-18,1,13,10643.065701389278,160849.7386932373,171492.80439462658
532,2021-10-19,0,13,10643.065701389278,162342.90733337402,172985.9730347633
533,2021-10-20,1,12,17818.52671823498,156449.7501373291,174268.2768555641
534,2021-10-21,1,12,17818.52671823498,157303.18641662598,175121.71313486097
535,2021-10-22,0,12,17818.52671823498,157555.4027557373,175373.9294739723
536,2021-10-25,1,11,24176.604171848263,152202.1270751953,176378.7312470436
537,2021-10-26,0,11,24176.604171848263,151013.61351013184,175190.2176819801
538,2021-10-27,1,11,24176.604171848263,148257.88612365723,172434.4902955055
539,2021-10-28,0,11,24176.604171848263,148902.46238708496,173079.06655893323
540,2021-10-29,0,11,24176.604171848263,148655.22232055664,172831.8264924049
541,2021-11-01,0,11,24176.604171848263,149050.5271911621,173227.13136301038
542,2021-11-02,0,11,24176.604171848263,150073.62098693848,174250.22515878675
543,2021-11-03,1,12,3020.8777222633,172159.63249206543,175180.51021432874
544,2021-11-04,0,12,3020.8777222633,173352.02522277832,176372.90294504163
545,2021-11-05,1,11,12791.816397190056,164582.2238922119,177374.04028940198
546,2021-11-08,0,11,12791.816397190056,162940.48538208008,175732.30177927014
547,2021-11-09,1,11,12791.816397190056,163477.39295959473,176269.2093567848
548,2021-11-10,1,10,16553.770894718135,158783.89129638672,175337.66219110484
549,2021-11-11,0,10,16553.770894718135,159659.29336547852,176213.06426019664
550,2021-11-12,1,10,16553.770894718135,160601.0398864746,177154.81078119273
551,2021-11-15,2,9,22823.86167993542,154105.9154510498,176929.77713098523
552,2021-11-16,0,9,22823.86167993542,153736.74926757812,176560.61094751355
553,2021-11-17,0,9,22823.86167993542,153755.9829711914,176579.84465112683
554,2021-11-18,1,10,7718.196430301632,169335.69793701172,177053.89436731336
555,2021-11-19,0,10,7718.196430301632,169736.73095703125,177454.9273873329
556,2021-11-22,0,10,7718.196430301632,169957.51571655273,177675.71214685438
557,2021-11-23,0,10,7718.196430301632,171286.32431030273,179004.52074060438
558,2021-11-24,1,11,2287.950725650753,177137.18452453613,179425.1352501869
559,2021-11-26,0,11,2287.950725650753,173518.21937561035,175806.17010126112
560,2021-11-29,0,11,2287.950725650753,175711.78016662598,177999.73089227674
561,2021-11-30,2,10,11739.87234125134,161932.1086883545,173671.98102960584
562,2021-12-01,0,10,11739.87234125134,160535.64987182617,172275.52221307752
563,2021-12-02,0,10,11739.87234125134,161811.3468170166,173551.21915826795
564,2021-12-03,1,10,3130.2825936317095,171026.8669128418,174157.1495064735
565,2021-12-06,1,10,3130.2825936317095,173714.1242980957,176844.4068917274
566,2021-12-07,0,10,3130.2825936317095,175664.93759155273,178795.22018518444
567,2021-12-08,0,10,3130.2825936317095,174195.27969360352,177325.56228723523
568,2021-12-09,1,10,3130.2825936317095,172864.16091918945,175994.44351282116
569,2021-12-10,1,9,20407.365723514522,159786.38229370117,180193.7480172157
570,2021-12-13,0,9,20407.365723514522,158597.4220275879,179004.7877511024
571,2021-12-14,0,9,20407.365723514522,157350.98152160645,177758.34724512097
572,2021-12-15,2,9,49056.569536685914,131780.75523376465,180837.32477045056
573,2021-12-16,0,9,49056.569536685914,131053.81240844727,180110.38194513318
574,2021-12-17,0,9,49056.569536685914,129860.34469604492,178916.91423273084
575,2021-12-20,1,8,56109.90895318982,121786.52458190918,177896.433535099
576,2021-12-21,1,9,21114.104900455444,157745.18661499023,178859.2915154457
577,2021-12-22,0,9,21114.104900455444,159059.4596862793,180173.56458673475
578,2021-12-23,0,9,21114.104900455444,160076.77688598633,181190.88178644178
579,2021-12-27,1,9,21114.104900455444,161771.14143371582,182885.24633417127
580,2021-12-28,0,9,21114.104900455444,162262.2959136963,183376.40081415174
581,2021-12-29,0,9,21114.104900455444,162773.46076965332,183887.56567010877
582,2021-12-30,2,9,26274.266260623903,156972.49603271484,183246.76229333875
583,2021-12-31,0,9,26274.266260623903,157130.87120056152,183405.13746118543
584,2022-01-03,1,9,21132.943348026245,163724.35874938965,184857.3020974159
585,2022-01-04,0,9,21132.943348026245,164696.7441558838,185829.68750391004
586,2022-01-05,1,8,58290.656726932495,125643.6939239502,183934.3506508827
587,2022-01-06,1,9,21324.69708337781,161938.59176635742,183263.28884973523
588,2022-01-07,0,9,21324.69708337781,161211.78703308105,182536.48411645886
589,2022-01-10,1,8,57537.07591638562,122484.57412719727,180021.6500435829
590,2022-01-11,0,8,57537.07591638562,123564.47525024414,181101.55116662977
591,2022-01-12,1,9,19246.48438196179,162110.97564697266,181357.46002893444
592,2022-01-13,0,9,19246.48438196179,161070.6283569336,180317.11273889538
593,2022-01-14,0,9,19246.48438196179,158745.79887390137,177992.28325586315
594,2022-01-18,1,10,15610.283625125852,159501.07040405273,175111.3540291786
595,2022-01-19,0,10,15610.283625125852,158580.5980682373,174190.88169336316
596,2022-01-20,1,9,63561.88111047742,108179.68521118164,171741.56632165908
597,2022-01-21,1,10,41232.64839258191,129689.60800170898,170922.2563942909
598,2022-01-24,1,11,10170.648392581912,162685.3889465332,172856.0373391151
599,2022-01-25,1,10,19244.431469058964,151025.21934509277,170269.65081415174
600,2022-01-26,0,10,19244.431469058964,150290.52047729492,169534.9519463539
601,2022-01-27,1,10,19244.431469058964,146552.80532836914,165797.2367974281
602,2022-01-28,0,10,19244.431469058964,149992.35916137695,169236.79063043592
603,2022-01-31,0,10,19244.431469058964,153509.47303771973,172753.9045067787
604,2022-02-01,0,10,19244.431469058964,153691.55654907227,172935.98801813123
605,2022-02-02,0,10,19244.431469058964,153876.86004638672,173121.2915154457
606,2022-02-03,1,11,2994.850875186894,167375.26321411133,170370.11408929824
607,2022-02-04,0,11,2994.850875186894,166667.00325012207,169661.85412530898
608,2022-02-07,0,11,2994.850875186894,165898.95935058594,168893.81022577285
609,2022-02-08,0,11,2994.850875186894,169240.26908874512,172235.11996393203
610,2022-02-09,1,11,2994.850875186894,169850.75569152832,172845.60656671523
611,2022-02-10,1,10,6312.71280908582,162548.70948791504,168861.42229700086
612,2022-02-11,0,10,6312.71280908582,159933.68072509766,166246.39353418347
613,2022-02-14,0,10,6312.71280908582,160022.68600463867,166335.3988137245
614,2022-02-15,2,9,36998.88288354871,131517.44346618652,168516.32634973523
615,2022-02-16,0,9,36998.88288354871,131095.26252746582,168094.14541101453
616,2022-02-17,0,9,36998.88288354871,130498.34480285645,167497.22768640515
617,2022-02-18,1,10,23858.67482080457,143087.8273010254,166946.50212182995
618,2022-02-22,0,10,23858.67482080457,138865.10314941406,162723.77797021862
619,2022-02-23,0,10,23858.67482080457,137648.9517211914,161507.62654199597
620,2022-02-24,1,10,23858.67482080457,137798.0567932129,161656.73161401745
621,2022-02-25,1,9,37629.16367273328,127922.40524291992,165551.56891565322
622,2022-02-28,0,9,37629.16367273328,128234.12132263184,165863.28499536513
623,2022-03-01,0,9,37629.16367273328,127978.23143005371,165607.395102787
624,2022-03-02,0,9,37629.16367273328,129847.45330810547,167476.61698083876
625,2022-03-03,1,10,14175.905469608282,153398.97232055664,167574.87779016493
626,2022-03-04,0,10,14175.905469608282,153521.7529296875,167697.6583992958
627,2022-03-07,0,10,14175.905469608282,151851.50184631348,166027.40731592177
628,2022-03-08,0,10,14175.905469608282,149575.57067871094,163751.47614831923
629,2022-03-09,1,10,14175.905469608282,150624.42092895508,164800.32639856337
630,2022-03-10,1,9,22092.173925113653,141522.02339172363,163614.1973168373
631,2022-03-11,0,9,22092.173925113653,141400.34408569336,163492.51801080702
632,2022-03-14,0,9,22092.173925113653,142333.16650390625,164425.3404290199
633,2022-03-15,2,9,26299.601801776862,141217.90103912354,167517.5028409004
634,2022-03-16,0,9,26299.601801776862,141730.28926849365,168029.8910702705
635,2022-03-17,0,9,26299.601801776862,143199.9963760376,169499.59817781445
636,2022-03-18,1,9,26299.601801776862,143932.58953094482,170232.19133272168
637,2022-03-21,1,10,14811.671648883796,153397.95055389404,168209.62220277783
638,2022-03-22,0,10,14811.671648883796,154458.052444458,169269.7240933418
639,2022-03-23,0,10,14811.671648883796,151389.7274017334,166201.39905061718
640,2022-03-24,1,11,9651.562765216804,157219.4299697876,166870.9927350044
641,2022-03-25,1,10,14900.715205097174,151371.3747024536,166272.08990755078
642,2022-03-28,0,10,14900.715205097174,152428.97510528564,167329.6903103828
643,2022-03-29,0,10,14900.715205097174,154726.92699432373,169627.6421994209
644,2022-03-30,2,10,13697.595031452156,153716.17221832275,167413.76724977492
645,2022-03-31,0,10,13697.595031452156,150646.16165161133,164343.7566830635
646,2022-04-01,0,10,13697.595031452156,151549.16038513184,165246.755416584
647,2022-04-04,0,10,13697.595031452156,152373.55365753174,166071.1486889839
648,2022-04-05,1,9,43735.68946504591,121903.43360900879,165639.1230740547
649,2022-04-06,1,9,19082.691601276376,146853.63292694092,165936.3245282173
650,2022-04-07,0,9,19082.691601276376,148329.86907958984,167412.5606808662
651,2022-04-08,0,9,19082.691601276376,148618.23253631592,167700.9241375923
652,2022-04-11,0,9,19082.691601276376,147957.68756866455,167040.37916994092
653,2022-04-12,1,10,137.76678438184535,166303.65753173828,166441.42431612013
654,2022-04-13,0,10,137.76678438184535,167659.21955108643,167796.98633546827
655,2022-04-14,0,10,137.76678438184535,167037.4505996704,167175.21738405226
656,2022-04-18,1,10,137.76678438184535,165686.77444458008,165824.54122896193
657,2022-04-19,0,10,137.76678438184535,168337.64781951904,168475.4146039009
658,2022-04-20,1,9,10491.260700702647,158728.4242630005,169219.68496370313
659,2022-04-21,1,10,3931.504472064952,164404.91180419922,168336.41627626418
660,2022-04-22,0,10,3931.504472064952,160564.19124603271,164495.69571809768
661,2022-04-25,1,9,53480.81260805128,112374.85370635986,165855.66631441115
662,2022-04-26,0,9,53480.81260805128,110395.7124710083,163876.5250790596
663,2022-04-27,1,10,32105.747294330577,131136.79084777832,163242.53814210888
664,2022-04-28,0,10,32105.747294330577,135050.2923965454,167156.03969087597
665,2022-04-29,0,10,32105.747294330577,131857.33089447021,163963.07818880078
666,2022-05-02,0,10,32105.747294330577,132539.93282318115,164645.6801175117
667,2022-05-03,1,11,20890.11281251905,143124.43370819092,164014.54652070996
668,2022-05-04,0,11,20890.11281251905,147296.96578979492,168187.07860231397
669,2022-05-05,1,10,45460.91210145948,117725.26435852051,163186.17645998
670,2022-05-06,1,11,39263.82357759473,122852.55680084229,162116.38037843702
671,2022-05-09,1,12,8731.946648883793,151604.81414794922,160336.76079683303
672,2022-05-10,1,11,27980.309725666022,131221.4687347412,159201.77846040722
673,2022-05-11,0,11,27980.309725666022,129354.73690032959,157335.0466259956
674,2022-05-12,1,12,20689.82937135694,137233.05130004883,157922.88067140576
675,2022-05-13,0,12,20689.82937135694,139262.748336792,159952.57770814892
676,2022-05-16,0,12,20689.82937135694,139232.40032196045,159922.22969331738
677,2022-05-17,0,12,20689.82937135694,141645.61290740967,162335.4422787666
678,2022-05-18,1,13,16389.083105945563,140925.70457458496,157314.7876805305
679,2022-05-19,0,13,16389.083105945563,141317.63381958008,157706.71692552563
680,2022-05-20,1,12,46593.31189012525,110303.7166595459,156897.02854967114
681,2022-05-23,0,12,46593.31189012525,111637.29877471924,158230.61066484448
682,2022-05-24,1,13,43064.88660249708,115180.72834014893,158245.614942646
683,2022-05-25,1,12,51060.86287660596,107619.89784240723,158680.7607190132
684,2022-05-26,0,12,51060.86287660596,109189.15462493896,160250.01750154493
685,2022-05-27,1,13,23740.208195209478,138196.84963226318,161937.05782747266
686,2022-05-31,0,13,23740.208195209478,137318.14136505127,161058.34956026074
687,2022-06-01,0,13,23740.208195209478,135953.3712387085,159693.57943391797
688,2022-06-02,0,13,23740.208195209478,137607.5574874878,161347.76568269727
689,2022-06-03,1,14,16260.132793903325,143661.0809326172,159921.2137265205
690,2022-06-06,1,15,3802.4149167060605,156198.33984375,160000.75476045607
691,2022-06-07,0,15,3802.4149167060605,157099.00493621826,160901.41985292433
692,2022-06-08,0,15,3802.4149167060605,155135.40706634521,158937.82198305128
693,2022-06-09,1,15,3802.4149167060605,152831.298828125,156633.71374483107
694,2022-06-10,1,14,9789.454774188971,143197.6926803589,152987.14745454787
695,2022-06-13,0,14,9789.454774188971,139051.9178390503,148841.37261323928
696,2022-06-14,0,14,9789.454774188971,137624.05014038086,147413.50491456984
697,2022-06-15,2,13,21651.914304828617,127156.95667266846,148808.87097749708
698,2022-06-16,0,13,21651.914304828617,124384.3807220459,146036.29502687452
699,2022-06-17,0,13,21651.914304828617,124834.99813079834,146486.91243562696
700,2022-06-21,1,14,4935.5481213569365,143817.74654388428,148753.2946652412
701,2022-06-22,0,14,4935.5481213569365,144078.8963317871,149014.44445314404
702,2022-06-23,0,14,4935.5481213569365,145831.4323425293,150766.98046388623
703,2022-06-24,1,14,4935.5481213569365,150743.3536529541,155678.90177431103
704,2022-06-27,1,14,4935.5481213569365,149925.1787185669,154860.72683992382
705,2022-06-28,0,14,4935.5481213569365,145989.4495010376,150924.99762239453
706,2022-06-29,0,14,4935.5481213569365,146346.12197875977,151281.6701001167
707,2022-06-30,2,13,11990.16290559766,137708.24966430664,149698.4125699043
708,2022-07-01,0,13,11990.16290559766,139558.41884613037,151548.58175172802
709,2022-07-05,1,12,14075.158256626102,137561.745262146,151636.9035187721
710,2022-07-06,1,13,6131.219052219364,145765.73066711426,151896.9497193336
711,2022-07-07,0,13,6131.219052219364,147080.38940429688,153211.60845651623
712,2022-07-08,0,13,6131.219052219364,146535.52570343018,152666.74475564953
713,2022-07-11,0,13,6131.219052219364,145855.69667816162,151986.91573038098
714,2022-07-12,1,13,6131.219052219364,143871.6583251953,150002.87737741467
715,2022-07-13,0,13,6131.219052219364,142803.4818649292,148934.70091714856
716,2022-07-14,0,13,6131.219052219364,141832.6171875,147963.83623971936
717,2022-07-15,2,12,23290.969873142214,127631.29386901855,150922.26374216078
718,2022-07-18,1,12,23290.969873142214,126852.50053405762,150143.47040719984
719,2022-07-19,0,12,23290.969873142214,129530.15670776367,152821.1265809059
720,2022-07-20,1,11,34092.32420816418,119659.57794189453,153751.9021500587
721,2022-07-21,1,12,15493.248094272578,139136.2491607666,154629.49725503917
722,2022-07-22,0,12,15493.248094272578,138868.50204467773,154361.7501389503
723,2022-07-25,1,11,29863.450642490352,124134.83123779297,153998.28188028332
724,2022-07-26,0,11,29863.450642490352,121421.32339477539,151284.77403726574
725,2022-07-27,1,12,21971.69842844006,133026.42555236816,154998.12398080822
726,2022-07-28,0,12,21971.69842844006,134529.0370941162,156500.73552255626
727,2022-07-29,0,12,21971.69842844006,136236.44523620605,158208.1436646461
728,2022-08-01,0,12,21971.69842844006,136346.54808044434,158318.2465088844
729,2022-08-02,0,12,21971.69842844006,134862.1181488037,156833.81657724376
730,2022-08-03,1,12,21971.69842844006,137393.4398651123,159365.13829355236
731,2022-08-04,0,12,21971.69842844006,137528.15971374512,159499.85814218517
732,2022-08-05,1,11,29662.70191659924,130210.37330627441,159873.07522287365
733,2022-08-08,0,11,29662.70191659924,130261.93962097168,159924.64153757092
734,2022-08-09,1,12,21890.494497775995,136736.5379333496,158627.0324311256
735,2022-08-10,1,11,29361.52255868908,132264.48593139648,161626.00849008557
736,2022-08-11,0,11,29361.52255868908,132310.69717407227,161672.21973276135
737,2022-08-12,1,12,6373.478204441035,157216.5714263916,163590.04963083263
738,2022-08-15,2,11,12038.126036930049,152411.89193725586,164450.0179741859
739,2022-08-16,0,11,12038.126036930049,153766.06254577637,165804.1885827064
740,2022-08-17,0,11,12038.126036930049,152854.83474731445,164892.9607842445
741,2022-08-18,1,11,12038.126036930049,153532.12814331055,165570.2541802406
742,2022-08-19,0,11,12038.126036930049,151678.3634185791,163716.48945550915
743,2022-08-22,0,11,12038.126036930049,148303.31382751465,160341.4398644447
744,2022-08-23,0,11,12038.126036930049,147656.59523010254,159694.72126703258
745,2022-08-24,1,12,980.053975772822,159112.08610534668,160092.1400811195
746,2022-08-25,1,11,7413.161884403193,153558.60633850098,160971.76822290418
747,2022-08-26,0,11,7413.161884403193,147790.71502685547,155203.87691125867
748,2022-08-29,0,11,7413.161884403193,146505.58242797852,153918.74431238172
749,2022-08-30,2,11,22374.811614322625,129933.68682861328,152308.4984429359
750,2022-08-31,0,11,22374.811614322625,128570.99838256836,150945.80999689098
751,2022-09-01,0,11,22374.811614322625,128851.99890136719,151226.8105156898
752,2022-09-02,0,11,22374.811614322625,127902.00004577637,150276.811660099
753,2022-09-06,1,11,22374.811614322625,126850.00114440918,149224.8127587318
754,2022-09-07,0,11,22374.811614322625,129269.99931335449,151644.8109276771
755,2022-09-08,0,11,22374.811614322625,130387.99934387207,152762.8109581947
756,2022-09-09,1,12,18237.553522586786,136465.99769592285,154703.55121850964
