dt,profit_sum,return,daily_return,weekly_return,monthly_return
2022-06-03 07:41:00,0.0,0.0,0.0,0.0,0.0
2022-06-03 07:41:01,190.39991499999996,0.019125290090473517,0.019039991499999995,0.019039991499999995,0.019039991499999995
2022-06-06 12:56:31,94.43499800000063,-0.009920992537039559,0.0,0.0,0.009443499800000064
2022-06-06 13:06:40,284.0054909999999,0.019322201263019225,0.0187797031768057,0.0187797031768057,0.028400549099999988
2022-06-06 14:29:38,286.6335679999993,0.0002647627928918705,0.019040052270194296,0.019040052270194296,0.02866335679999993
2022-06-07 07:33:59,873.0733949999994,0.05921804167873482,0.0,0.07713541145732966,0.08730733949999994
2022-06-07 07:46:11,927.0935300000001,0.005420671641598245,0.004968248906039935,0.08248688828695942,0.09270935300000001
2022-06-07 07:57:49,969.1021930000006,0.004201815700461376,0.008831798932228324,0.08664845483410383,0.09691021930000006
2022-06-07 08:43:31,991.102162000001,0.0022015380700444414,0.010855143041182572,0.08882787042342202,0.0991102162000001
2022-06-07 08:55:33,996.3522260000009,0.0005297235970243594,0.011337993088200013,0.08934796530748834,0.09963522260000009
2022-06-07 09:08:08,1024.821914000002,0.0028619337179931416,0.013956359300378153,0.09216830027478881,0.10248219140000019
2022-06-07 09:19:51,1024.821914000002,0.0,0.013956359300378153,0.09216830027478881,0.10248219140000019
2022-06-07 09:32:09,1022.9017380000023,-0.00019217716808305095,0.013779760106181356,0.09197807902908461,0.10229017380000023
2022-06-07 09:47:54,1022.9017380000023,0.0,0.013779760106181356,0.09197807902908461,0.10229017380000023
2022-06-07 10:02:02,1028.8420400000014,0.0005958596010261176,0.014326091560425996,0.0925665519848445,0.10288420400000013
2022-06-07 10:16:49,1047.5737900000022,0.0018740244112937859,0.01604885653399958,0.09442220314349896,0.10475737900000022
2022-06-07 10:31:29,1054.1741930000026,0.0006614523773830118,0.016655897686047316,0.09507606866458143,0.10541741930000026
2022-06-07 10:46:10,1093.7744880000027,0.003990452809860955,0.020297949345351892,0.0989990514771753,0.10937744880000028
2022-06-07 11:00:49,1073.0896080000039,-0.0020785784671471072,0.018395554387776156,0.09694991450179262,0.10730896080000038
2022-06-07 11:12:40,1068.9492710000031,-0.0004194775454994187,0.01801476628402762,0.09653975415098338,0.10689492710000031
2022-06-07 11:25:47,1068.9492710000031,0.0,0.01801476628402762,0.09653975415098338,0.10689492710000031
2022-06-09 08:45:57,872.2980610000031,-0.019995100440119772,0.0,0.07705860339425828,0.08722980610000032
2022-06-09 08:58:25,872.2980610000031,0.0,0.0,0.07705860339425828,0.08722980610000032
2022-06-09 09:10:49,879.338356000002,0.0007047512541222366,0.0006475443333597618,0.07775604658958261,0.0879338356000002
2022-06-09 09:26:35,881.1339600000028,0.00017983576142663034,0.0008126983780636896,0.07793392717431634,0.08811339600000029
2022-06-09 10:27:30,881.1339600000028,0.0,0.0008126983780636896,0.07793392717431634,0.08811339600000029
2022-06-09 10:39:51,923.0238880000034,0.004258630007735352,0.004665603050560094,0.08208373129988654,0.09230238880000033
2022-06-09 10:51:34,882.8800980000033,-0.004031699071774474,0.0009733026946675542,0.07810690743525679,0.08828800980000033
2022-06-09 11:03:17,855.4405670000033,-0.0028127185960976115,-0.001550499618886401,0.07538862444017717,0.08554405670000033
2022-06-09 11:15:01,853.8688210000037,-0.000157428820057294,-0.0016950639043006896,0.07523292023282817,0.08538688210000037
2022-06-13 06:55:50,853.8688210000037,0.0,0.0,0.0,0.08538688210000037
2022-06-13 07:08:56,878.5938910000041,0.0024851252559201357,0.0022779960222259633,0.0022779960222259633,0.0878593891000004
2022-06-13 07:21:05,900.810876000005,0.0022259316109392315,0.004324914532703595,0.004324914532703595,0.0900810876000005
2022-06-13 07:35:37,927.1563330000045,0.0026794274720524517,0.00675220174563051,0.00675220174563051,0.09271563330000045
2022-06-13 07:50:24,927.1563330000045,0.0,0.00675220174563051,0.00675220174563051,0.09271563330000045
2022-06-13 08:03:53,927.1563330000045,0.0,0.00675220174563051,0.00675220174563051,0.09271563330000045
2022-06-13 08:17:23,940.5486020000044,0.0013443893713230223,0.00798607228717314,0.00798607228717314,0.09405486020000044
2022-06-13 08:30:06,988.5484800000049,0.00482313884782014,0.012408447275447427,0.012408447275447427,0.0988548480000005
2022-06-13 08:41:50,1002.7984820000056,0.0014366550544018767,0.013721343371301271,0.013721343371301271,0.10027984820000056
2022-06-13 08:57:37,1002.7984820000056,0.0,0.013721343371301271,0.013721343371301271,0.10027984820000056
2022-06-13 09:10:00,945.5876730000055,-0.00574947717221848,0.008450337249566226,0.008450337249566226,0.09455876730000054
2022-06-13 09:23:48,916.0078910000047,-0.002967033623382972,0.005725061821253521,0.005725061821253521,0.09160078910000047
2022-06-13 09:36:34,904.4521270000059,-0.0011603623055847978,0.004660394080139791,0.004660394080139791,0.0904452127000006
2022-06-13 09:50:21,968.0020960000056,0.0063799104557112655,0.010515446324464281,0.010515446324464281,0.09680020960000056
2022-06-13 10:02:11,951.6821350000046,-0.001732671130284826,0.009011838599960988,0.009011838599960988,0.09516821350000046
2022-06-13 10:13:55,928.802174000004,-0.0024291386838000964,0.006903838090895269,0.006903838090895269,0.0928802174000004
2022-06-13 10:26:24,913.8518230000027,-0.0015064084056251852,0.0055264167081091175,0.0055264167081091175,0.09138518230000027
2022-06-13 10:38:39,913.8518230000027,0.0,0.0055264167081091175,0.0055264167081091175,0.09138518230000027
2022-06-13 10:51:02,843.7669010000027,-0.007037313373218411,-0.0009307206643640134,-0.0009307206643640134,0.08437669010000026
2022-06-13 11:03:02,899.3417940000018,0.005561073287874683,0.004189563532591921,0.004189563532591921,0.08993417940000017
2022-06-13 11:14:48,901.2167080000017,0.00018771465960972007,0.00436230507120094,0.00436230507120094,0.09012167080000018
2022-06-15 14:37:18,935.9864300000027,0.003493071654090466,0.0,0.0075657454824880795,0.09359864300000026
2022-06-15 15:08:14,938.0708350000023,0.00020980935665719955,0.00019060054740755613,0.007757788065126144,0.09380708350000022
2022-06-16 10:50:37,878.5019470000025,-0.005960567123784043,0.0,0.0022695249414051125,0.08785019470000024
2022-06-16 11:02:48,878.5019470000025,0.0,0.0,0.0022695249414051125,0.08785019470000024
2022-06-16 11:15:06,838.3396270000012,-0.004018894634854742,-0.003691898038504921,-0.00143075195177932,0.08383396270000013
2022-06-16 11:26:46,822.5199030000003,-0.0015897974549069205,-0.005146117018018319,-0.002888271317536989,0.08225199030000004
2022-06-16 11:58:24,836.1200330000011,0.0013605571604426493,-0.0038959329332738874,-0.0016352499088308817,0.08361200330000011
2022-06-16 12:12:07,839.5847250000024,0.00034805922783787406,-0.0035774431249453753,-0.0013160372799387845,0.08395847250000024
2022-06-16 12:25:48,830.6845790000025,0.0009590828665406318,-0.004395583898680712,-0.002136034844565694,0.08306845790000025
2022-06-16 12:39:30,852.1348820000021,0.002147125923882216,-0.0024237772009841566,-0.00015975308238908695,0.08521348820000021
2022-06-16 12:54:12,757.6779340000012,-0.009458762213379327,-0.011106677517608137,-0.008862359457845382,0.07576779340000012
2022-06-16 13:07:18,730.137560000001,-0.002904774768418899,-0.013638310469845193,-0.01139973801421002,0.0730137560000001
2022-06-16 13:20:26,730.137560000001,0.0,-0.013638310469845193,-0.01139973801421002,0.0730137560000001
2022-06-16 13:33:11,730.7736740000018,6.408661377257318e-05,-0.01357983605828559,-0.01134113089351495,0.07307736740000019
2022-06-16 13:46:54,698.831027000002,-0.0032121553156213615,-0.01651614541003496,-0.014284104272573796,0.0698831027000002
2022-06-16 14:01:36,742.1212300000025,0.004361460948126552,-0.01253671853573645,-0.010295645989731568,0.07421212300000024
2022-06-16 14:15:20,821.6710040000016,0.007967366505091923,-0.005224151567640551,-0.002966482968515879,0.08216710040000016
2022-06-17 12:36:32,156.43730700000197,-0.06667686849540622,0.0,-0.06425649005915893,0.015643730700000198
2022-06-17 12:48:13,150.5168100000028,-0.0005928179906362122,-0.0005829304923606081,-0.06480196348413197,0.01505168100000028
2022-06-17 12:59:52,126.60667200000171,-0.002426816591687202,-0.002937116047518005,-0.06700487733856698,0.012660667200000171
2022-06-17 13:13:33,129.50167200000215,0.0002898550724637791,-0.0026520751505486368,-0.06673815216916018,0.012950167200000215
2022-06-17 13:26:15,144.62136000000282,-0.001700239807400637,-0.0011633948640489688,-0.06534512925269124,0.014462136000000283
2022-06-17 13:39:59,138.46142800000416,-0.0006235582934059101,-0.0017699000600937594,-0.06591266255363556,0.013846142800000415
2022-06-17 13:52:41,134.03687800000444,-0.00044308628295196116,-0.00220554002578825,-0.06632030982420503,0.013403687800000444
2022-06-17 14:05:21,124.51683600000433,-0.0009565495997955576,-0.003142880720387794,-0.06719742029577999,0.012451683600000433
2022-06-17 14:19:05,135.28184400000282,0.0010767490015168445,-0.002082961018763776,-0.06620560731392688,0.013528184400000282
2022-06-17 14:31:48,224.46220300000277,0.009013060792330658,0.006697712391048464,-0.05798914915778497,0.022446220300000277
2022-06-17 14:46:29,171.4171600000027,-0.005328244329378524,0.0014749121711878576,-0.06287635056723713,0.01714171600000027
2022-06-17 15:00:12,106.89245800000208,-0.006548773482952302,-0.00487817208952323,-0.06882120793230484,0.010689245800000208
2022-06-17 15:11:52,77.44228400000247,-0.00295718624972599,-0.00777782805251549,-0.0715345421807361,0.007744228400000247
2022-06-17 17:14:39,47.99211000000287,-0.00295718624972599,-0.01067748401550775,-0.07424787642916737,0.0047992110000002865
2022-06-17 17:26:18,18.54193600000326,-0.00295718624972599,-0.01357713997850001,-0.07696121067759863,0.0018541936000003262
2022-06-17 17:37:57,-10.908237999996345,-0.00295718624972599,-0.01647679594149227,-0.0796745449260299,-0.0010908237999996346
2022-06-17 17:49:39,-40.35841199999595,-0.00295718624972599,-0.01937645190448453,-0.08238787917446116,-0.004035841199999595
2022-06-17 18:01:20,-69.80858599999556,-0.00295718624972599,-0.022276107867476788,-0.08510121342289244,-0.006980858599999556
2022-06-17 18:12:58,-99.25875999999516,-0.00295718624972599,-0.025175763830469048,-0.0878145476713237,-0.009925875999999516
2022-06-17 18:24:35,-128.70893399999477,-0.00295718624972599,-0.02807541979346131,-0.09052788191975497,-0.012870893399999478
2022-06-17 18:36:13,-158.15910799999438,-0.00295718624972599,-0.03097507575645357,-0.09324121616818624,-0.015815910799999437
2022-06-17 18:47:50,-187.60928199999398,-0.00295718624972599,-0.03387473171944583,-0.0959545504166175,-0.0187609281999994
2022-06-17 18:52:56,-217.0594559999936,-0.00295718624972599,-0.03677438768243809,-0.09866788466504878,-0.02170594559999936
2022-06-17 18:56:50,-246.5096299999932,-0.00295718624972599,-0.03967404364543035,-0.10138121891348004,-0.024650962999999318
2022-06-21 10:12:33,-68.85980399999244,0.017838387171395367,0.0,0.0,-0.006885980399999244
2022-06-21 10:24:38,-104.15281399999367,-0.003602720772487539,-0.0035537722057550143,-0.0035537722057550143,-0.010415281399999367
2022-06-21 10:36:23,-92.66581899999437,0.001279615386144566,-0.0023971079382798712,-0.0023971079382798712,-0.009266581899999437
2022-06-21 10:49:10,-92.66581899999437,0.0,-0.0023971079382798712,-0.0023971079382798712,-0.009266581899999437
2022-06-21 11:02:27,-99.4261679999945,-0.0006772594053386114,-0.003077830278975758,-0.003077830278975758,-0.00994261679999945
2022-06-21 11:14:54,-114.82603399999425,-0.0015464352356859615,-0.004628494723950807,-0.004628494723950807,-0.011482603399999425
2022-06-21 11:27:20,-90.90568499999426,0.002401622304160475,-0.002219874109609419,-0.002219874109609419,-0.009090568499999426
2022-06-21 11:39:04,-60.26222099999359,0.003425337002562905,0.000865719628392893,0.000865719628392893,-0.006026222099999359
2022-06-21 11:50:58,-78.28422299999329,-0.0018036478087495131,-0.0009489765338119738,-0.0009489765338119738,-0.007828422299999329
2022-06-21 12:02:44,-70.02384499999425,0.0008261429475445105,-0.00011721121412329476,-0.00011721121412329476,-0.007002384499999425
2022-06-21 12:16:31,-68.93873099999473,0.00010944097171701261,-7.947425818647177e-06,-7.947425818647177e-06,-0.006893873099999473
2022-06-21 12:29:18,-51.33912199999395,0.0019628398499472724,0.001764216560657893,0.001764216560657893,-0.005133912199999395
2022-06-21 12:41:04,-55.65850899999532,-0.0004341982975555293,0.0013292829161060719,0.0013292829161060719,-0.005565850899999532
2022-06-21 12:52:49,-51.31469599999582,0.0004366536694614503,0.0017666760969765897,0.0017666760969765897,-0.005131469599999582
2022-06-21 13:05:16,-55.44491699999526,-0.00041341627849339675,0.0013507902149443355,0.0013507902149443355,-0.005544491699999526
2022-06-21 13:17:06,-50.565506999995705,0.0004885224643764606,0.0018421144640939793,0.0018421144640939793,-0.00505655069999957
2022-06-21 13:28:50,-63.14931699999579,-0.0012614488355759412,0.0005750081951613849,0.0005750081951613849,-0.006314931699999579
2022-06-21 13:43:08,-65.33196299999508,-0.00021974008855320636,0.0003552302082512409,0.0003552302082512409,-0.0065331962999995085
2022-06-21 13:56:35,-48.81227799999397,0.0016528611051166205,0.0020186530050268618,0.0020186530050268618,-0.004881227799999397
2022-06-21 14:12:22,-25.922177999993437,0.0022960958026722825,0.004323534372950762,0.004323534372950762,-0.0025922177999993436
2022-06-21 14:26:07,-32.46107999999367,-0.0006595211843401348,0.0036651102775348172,0.0036651102775348172,-0.003246107999999367
2022-06-21 14:40:51,-45.3009819999952,-0.0012874056558782607,0.0023722172414287423,0.0023722172414287423,-0.00453009819999952
2022-06-21 14:55:37,-48.94117699999515,-0.00040571943564335144,0.0020056737299932554,0.0020056737299932554,-0.004894117699999515
2022-06-21 15:08:21,-75.07117699999435,-0.002617187499999951,-0.0006254440957850625,-0.0006254440957850625,-0.007507117699999435
2022-06-21 15:20:04,-97.68143099999361,-0.002268411355606542,-0.0029021468261629956,-0.0029021468261629956,-0.009768143099999361
2022-06-23 11:47:31,-97.68143099999361,0.0,0.0,-0.0029021468261629956,-0.009768143099999361
2022-06-23 12:00:38,-82.08127199999399,0.0015680285105579615,0.00157540467833838,-0.0013313142035117779,-0.008208127199999398
2022-06-23 12:14:24,-74.61591699999371,0.000748365232001764,0.0023293043784925597,-0.0005796024309796456,-0.007461591699999372
2022-06-23 12:27:10,-62.9910679999939,0.0011932828249443682,0.003503256611901039,0.0005909428206805803,-0.00629910679999939
2022-06-23 12:41:54,-38.611379999993005,-0.0027355471785232813,0.00596527475746176,0.0030458158280942072,-0.0038611379999993005
2022-06-23 12:56:40,-13.91122099999302,0.0024746186900108623,0.008459656131671009,0.0055329581413150536,-0.001391122099999302
2022-06-23 13:10:28,24.52919500000644,0.003941806385721327,0.012341617283712737,0.009403653272120095,0.0024529195000006438
2022-06-23 13:26:16,33.55939200000648,0.0009079316652287215,0.013253544822407542,0.010312934263202787,0.0033559392000006485
2022-06-23 13:41:03,71.77398200000789,0.003907627865547127,0.017112700608370154,0.014160890212449501,0.007177398200000789
2022-06-23 13:55:53,50.37292600000728,-0.0021471264908585934,0.014951483934630905,0.012005945706820594,0.005037292600000728
2022-06-23 14:09:40,46.4876180000083,-0.00040661207666439975,0.0145591204721826,0.011614720940749536,0.00464876180000083
2022-06-23 14:25:27,56.1622640000096,0.0009724746800530369,0.015536128627655254,0.01258889367510465,0.00561622640000096
2022-06-23 14:40:13,102.04199900001004,0.004694064068319446,0.02016936019663654,0.017208678925793138,0.010204199900001003
2022-06-23 14:53:59,125.03704900000957,0.002301879656964816,0.022491548665909522,0.019524128063170266,0.012503704900000957
2022-06-23 15:06:43,130.3491500000091,0.0005558435556495015,0.02302799888844927,0.020059021428399278,0.01303491500000091
2022-06-23 15:18:26,110.72937000001002,-0.0019943057804968395,0.021046666954590836,0.018083439610724263,0.011072937000001002
2022-06-24 12:08:19,157.91929600000913,0.004735300960556899,0.0,0.022835152411939768,0.015791929600000913
2022-06-24 12:22:06,152.65441700000883,-0.0005265809436577628,-0.0005183028971369657,0.02230501398915113,0.015265441700000883
2022-06-24 12:36:52,127.15436500000942,-0.0025562424881997383,-0.003028664641204064,0.019737327752049158,0.012715436500000942
2022-06-24 12:52:36,134.74713200000951,0.0007631281990101053,-0.002281191976896721,0.02050186906856972,0.01347471320000095
2022-06-24 13:07:22,136.0671720000082,0.00013501147617800673,-0.0021512401667343286,0.020634788348123375,0.01360671720000082
2022-06-24 13:23:07,134.47688100000778,-0.0001595060953369597,-0.0023077969332983886,0.020474656583933704,0.013447688100000778
2022-06-24 13:34:52,130.7366240000065,-0.0003751898234101057,-0.002676007872075401,0.020098037492249976,0.013073662400000649
2022-06-24 13:48:35,139.48179400000663,0.0008765809377310938,-0.0018150864820576814,0.02097861815342345,0.013948179400000663
2022-06-24 14:02:22,163.04386100000556,0.0023583232106466237,0.0005044896351966875,0.023351162144846418,0.016304386100000557
2022-06-24 14:17:08,179.68350900000587,0.001674790587404384,0.0021425857368808855,0.02502666442067798,0.017968350900000585
2022-06-24 14:32:56,214.8836260000062,0.003538809976266912,0.005607873850939976,0.02857108291697289,0.02148836260000062
2022-06-24 14:45:43,236.75364800000534,0.0022251546667219806,0.007760875992688744,0.030773249190771724,0.023675364800000535
2022-06-24 15:00:29,329.5554730000058,0.009314199681301044,0.01689678486297717,0.04011777793253478,0.03295554730000058
2022-06-24 15:12:16,351.6656740000053,0.002241572812557914,0.01907343151232652,0.04234412863986896,0.03516656740000053
2022-06-27 10:41:53,471.0358850000048,0.012081027496167527,0.0,0.0,0.04710358850000048
2022-06-27 10:53:46,488.45629400000325,0.0017609624838595963,0.001663675799731868,0.001663675799731868,0.048845629400000326
2022-06-27 11:07:07,368.6376840000048,-0.012140924948984244,-0.009779185376175408,-0.009779185376175408,0.03686376840000048
2022-06-27 11:19:14,341.91094400000475,-0.002684280779460679,-0.012331630071574335,-0.012331630071574335,0.034191094400000475
2022-06-27 11:31:08,296.7009040000048,-0.004540637659257672,-0.016649258288737104,-0.016649258288737104,0.02967009040000048
2022-06-27 11:42:59,281.72502100000384,-0.0015076144975792415,-0.018079478103135243,-0.018079478103135243,0.028172502100000385
2022-06-27 11:54:52,379.72506400000384,0.009814922924067248,-0.008720323567108175,-0.008720323567108175,0.03797250640000038
2022-06-27 12:07:41,444.58455900000445,0.006558698382092567,-0.002526142235639977,-0.002526142235639977,0.04445845590000044
2022-06-27 12:22:41,520.4841800000031,0.007639380915226149,0.004722388075360732,0.004722388075360732,0.05204841800000031
2022-06-27 12:37:43,559.8138430000017,0.003934256493112528,0.008478431262677017,0.008478431262677017,0.05598138430000017
2022-06-27 12:53:39,548.0888430000014,-0.0011874469889737837,0.007358675764866462,0.007358675764866462,0.05480888430000014
2022-06-27 13:09:41,580.4088120000015,0.0032593164492729166,0.01044528241534115,0.01044528241534115,0.05804088120000015
2022-06-27 13:25:41,605.5687340000004,-0.0028919714470199464,0.012848093586682954,0.012848093586682954,0.06055687340000004
2022-06-27 13:41:39,606.0853260000022,5.219443379049993e-05,0.012897428915649,0.012897428915649,0.060608532600000216
2022-06-27 13:58:34,591.8751140000022,-0.0014335243389364998,0.011540331857051733,0.011540331857051733,0.05918751140000022
2022-06-27 14:14:38,576.841394000001,-0.0015174061043106242,0.010104588520374087,0.010104588520374087,0.0576841394000001
2022-06-27 14:30:40,592.6462819999997,0.0016045578417577132,0.011613979584790131,0.011613979584790131,0.05926462819999997
2022-06-27 14:42:53,569.186033,-0.002357427809401963,0.009373489793936957,0.009373489793936957,0.056918603299999995
2022-06-27 14:54:47,547.2557840000009,-0.0022036841551885808,0.00727911735162543,0.00727911735162543,0.054725578400000086
2022-06-27 15:06:53,560.206126000001,0.0012971876760357257,0.00851589489132919,0.00851589489132919,0.056020612600000096
2022-06-27 15:18:47,566.3258770000011,0.0006165292965062821,0.009100340505613338,0.009100340505613338,0.05663258770000011
2022-06-27 15:30:42,572.4456280000013,0.0006165292965062821,0.009684786119897485,0.009684786119897485,0.05724456280000013
2022-06-27 15:42:36,578.5653790000015,0.0006165292965062821,0.010269231734181632,0.010269231734181632,0.05785653790000015
2022-06-27 15:54:28,584.6851300000017,0.0006165292965062821,0.01085367734846578,0.01085367734846578,0.058468513000000166
2022-06-27 16:06:19,590.8048810000018,0.0006165292965062821,0.011438122962749927,0.011438122962749927,0.05908048810000018
2022-06-27 16:18:10,596.924632000002,0.0006165292965062821,0.012022568577034074,0.012022568577034074,0.059692463200000205
2022-06-27 16:30:01,603.0443830000022,0.0006165292965062821,0.012607014191318221,0.012607014191318221,0.06030443830000022
2022-06-27 16:41:53,609.1641340000024,0.0006165292965062821,0.013191459805602369,0.013191459805602369,0.06091641340000024
2022-06-27 16:53:45,615.2838850000026,0.0006165292965062821,0.013775905419886516,0.013775905419886516,0.06152838850000025
2022-06-28 09:59:28,615.2838850000026,0.0,0.0,0.013775905419886516,0.06152838850000025
2022-06-28 10:12:00,619.1391990000029,0.0003868287898899732,0.0003631851999217976,0.014144093824772339,0.061913919900000294
2022-06-28 10:24:15,656.3387600000024,0.0037502579999280617,0.0038675249239459976,0.01769670900139385,0.06563387600000024
2022-06-28 10:36:10,531.2087600000032,-0.012556634304207104,-0.007920195626496838,0.005746601927532059,0.05312087600000032
2022-06-28 10:48:29,496.48895500000253,-0.0035152889079646567,-0.011190932930947235,0.00243080725532226,0.049648895500000255
2022-06-28 11:01:21,411.7888440000024,-0.008493610534318656,-0.01917000460887816,-0.00565818335938234,0.04117888440000024
2022-06-28 11:14:36,338.4688440000027,-0.007349823321554714,-0.02607702667200028,-0.012660355905179098,0.03384688440000027
2022-06-28 11:28:29,319.1085860000039,-0.0019480384224898144,-0.027900836398592328,-0.014509290262068545,0.03191085860000039
2022-06-28 11:41:32,348.3984940000046,0.002935510449431436,-0.025141615984205768,-0.011712059088220778,0.034839849400000455
2022-06-28 11:55:26,382.0381050000051,0.003445470501769279,-0.02197263705114726,-0.00849942460110284,0.03820381050000051
2022-06-28 12:08:24,363.39090200000464,-0.0018690196828203677,-0.023729274292507332,-0.01028026111095694,0.036339090200000465
2022-06-28 12:24:20,313.2313450000038,-0.005031735393361131,-0.028454494789990133,-0.015070575799101172,0.03132313450000038
2022-06-28 12:39:20,324.9420210000044,0.0011729791519423014,-0.02735130469852697,-0.013952188265277856,0.03249420210000044
2022-06-28 12:55:18,308.5623540000033,-0.0016387136385946793,-0.028894331449148915,-0.015516471606476725,0.030856235400000334
2022-06-29 09:59:23,-230.77784999999676,-0.0539386039788161,0.0,-0.06702428897272385,-0.023077784999999677
2022-06-29 10:11:32,-256.0781859999952,-0.002575621972501239,-0.002589800458166305,-0.06944050989660032,-0.02560781859999952
2022-06-29 10:24:13,-273.38625999999385,-0.0017348252399904246,-0.004361494635475874,-0.0710934575313986,-0.027338625999999384
2022-06-29 10:37:53,-275.1563369999949,-0.000179020324143704,-0.004542683779588134,-0.07126250260195717,-0.02751563369999949
2022-06-29 10:49:36,-254.61607199999344,0.0020550379938913325,-0.002440135113520442,-0.06930087576526321,-0.025461607199999344
2022-06-29 11:01:18,-254.61607199999344,0.0,-0.002440135113520442,-0.06930087576526321,-0.025461607199999344
2022-06-29 11:14:40,-254.61607199999344,0.0,-0.002440135113520442,-0.06930087576526321,-0.025461607199999344
2022-06-29 11:27:00,-254.61607199999344,0.0,-0.002440135113520442,-0.06930087576526321,-0.025461607199999344
2022-06-29 11:40:31,-251.9161599999934,0.000275914130337791,-0.0021637659248025833,-0.06904303002491313,-0.02519161599999934
2022-06-29 11:54:18,-220.71615999999358,0.0039714867617107715,0.0010299376803509467,-0.06606338213308464,-0.022071615999999267
2022-06-29 12:09:11,-198.39621699999498,0.0022354638474171903,0.0033146582709251506,-0.06393179331559502,-0.019839621699999407
2022-06-29 12:24:41,-217.20585399999527,-0.0019222616388267198,0.0013892606587926324,-0.06572814252178458,-0.021720585399999617
2022-06-29 12:39:32,-192.00042499999563,0.0025639241928330416,0.003969346218624175,-0.06332098536208954,-0.019200042499999473
2022-06-29 12:54:22,-178.22026599999572,0.0014289730620563918,0.005379914919838333,-0.06200495902512143,-0.017822026599999662
2022-06-29 13:09:13,-130.95568699999512,0.004757727876213613,0.010218025700234744,-0.05749111917975236,-0.013095568699999421
2022-06-29 13:24:00,-123.93559199999527,0.0007071118859878809,0.010936618735812285,-0.05682068933144516,-0.012393559199999436
2022-06-29 13:37:46,-154.98559199999454,-0.003114186851210994,0.007758269474914449,-0.05978601199302433,-0.015498559199999363
2022-06-29 13:52:35,-176.6098109999939,-0.0021744191280131746,0.005544764789692283,-0.061851158100581685,-0.01766098109999948
2022-06-29 14:07:23,-189.42423399999552,-0.0012909158603983467,0.004233051041837772,-0.0630749551671505,-0.01894242339999946
2022-06-29 14:20:08,-173.05480299999454,0.0016504991318735268,0.005908663567447005,-0.06151164937966402,-0.017305480299999544
2022-06-29 14:34:55,-218.84650999999485,-0.004622063284089375,0.0012213193452665007,-0.06588482768818248,-0.021884650999999575
2022-06-29 14:49:44,-226.84650999999485,-0.0010065425264217413,0.00040242098497074295,-0.06664883996813847,-0.022684650999999577
2022-06-30 11:51:29,-226.84650999999485,0.0,0.0,-0.06664883996813847,-0.022684650999999577
2022-06-30 12:03:40,-198.35705199999484,0.002858255162662042,0.0029150732186034663,-0.06392805299797712,-0.019835705199999575
2022-06-30 12:15:35,-187.2570069999956,0.001112021652214482,0.004050842242527721,-0.06286798166196916,-0.018725700699999653
2022-06-30 12:28:42,-228.34843599999567,-0.00413083741102149,-0.00015367874878232583,-0.0667922762065867,-0.022834843599999658
2022-06-30 12:40:55,-193.3081239999965,0.003549540155757165,0.0034316851806652795,-0.06344587262390039,-0.019330812399999557
2022-06-30 12:53:11,-148.77781199999754,0.004510865336069919,0.007988076528203499,-0.05919315947411646,-0.014877781199999662
2022-06-30 13:05:59,-137.6675959999966,0.0011197286481699007,0.00912488626022797,-0.058132116791995904,-0.013766759599999569
2022-06-30 13:18:41,-137.6675959999966,0.0,0.00912488626022797,-0.058132116791995904,-0.013766759599999569
2022-06-30 13:32:44,-167.42793699999584,-0.0029862229910151664,0.00607977487110959,-0.06097427503945578,-0.016742793699999675
2022-06-30 13:48:01,-153.47797499999524,0.0013962178101736278,0.007507150591165165,-0.059642032255340593,-0.015347797499999432
2022-06-30 14:05:05,-201.2435389999946,-0.0048695572652746886,0.0026197246391553644,-0.06420371693721877,-0.02012435389999955
2022-06-30 14:20:23,-250.20325899999534,-0.004903936079748886,-0.0023898886908813566,-0.06887944535011961,-0.025020325899999443
2022-06-30 14:37:35,-194.18044699999427,0.005721938368154734,0.003342428115287951,-0.06352918080941136,-0.01941804469999952
2022-06-30 14:53:44,-205.43008099999406,-0.0011388864281535384,0.0021913529775127658,-0.06460353812453766,-0.020543008099999496
2022-07-01 11:53:12,-227.46970999999485,-0.0022524766867616955,0.0,-0.06670835652474687,0.0
2022-07-01 12:07:22,-236.0794099999939,-0.0008635274545196797,-0.0008810103161113742,-0.0675305960905891,-0.0008810103161113742
2022-07-01 12:23:31,-233.17261899999266,0.00029214325726518374,-0.0005835652416278807,-0.06725299308818079,-0.0005835652416278807
2022-07-01 12:38:38,-182.3728879999917,0.005132114948280958,0.0046146515448664965,-0.06240154080037281,0.0046146515448664965
2022-07-01 12:52:39,-147.17266799999106,0.003537568013759667,0.008216607123967472,-0.059039865758228796,0.008216607123967472
2022-07-01 13:07:43,-132.09257499999057,0.0015100569312119425,0.009759717511195597,-0.057599693728868924,0.009759717511195597
2022-07-01 13:22:50,-119.94277299998885,0.001227576700661445,0.01100297812430786,-0.05643936898798933,0.01100297812430786
2022-07-01 13:37:55,-102.93292099998962,0.0017201687164457523,0.012743556203396034,-0.05481490201196013,0.012743556203396034
2022-07-01 13:52:52,-81.54764299998988,0.0021471275162731423,0.014931861316339093,-0.05277257513667621,0.014931861316339093
2022-07-01 14:06:53,-70.23721799999021,0.0011655796808745572,0.01608923045865563,-0.05169241218773606,0.01608923045865563
2022-07-01 14:22:03,-61.23702599999069,0.0009091926712364955,0.017010198901107956,-0.050832880036490884,0.017010198901107956
2022-07-01 14:39:29,-56.75886099999025,0.0004511210993713491,0.01746843897477474,-0.050405208405032195,0.01746843897477474
2022-07-01 14:56:34,-67.04893999999058,-0.0010296972631943875,0.01641547943465153,-0.05138792674474672,0.01641547943465153
2022-07-05 12:02:39,-67.04858099999092,3.60244463904009e-08,0.0,0.0,0.01641551617027549
2022-07-05 12:15:28,-33.83860599998934,0.003321718374815561,0.003343414620600748,0.003343414620600748,0.019813814667644643
2022-07-05 12:29:22,-12.638849999989361,0.002140524179033723,0.0054777003032479375,0.0054777003032479375,0.021983135751427317
2022-07-05 12:44:19,52.641150000011294,0.006530612244897965,0.012049765064898695,0.012049765064898695,0.02866308434844505
2022-07-05 12:57:14,29.690839000010783,-0.002339516952061048,0.009739242237202128,0.009739242237202128,0.02631463309590864
2022-07-05 13:11:10,38.70207800001026,0.0009017588097802204,0.01064644882866522,0.01064644882866522,0.027236731951843673
2022-07-05 13:25:44,84.90392700001121,0.004703215694737163,0.015297820515797894,0.015297820515797894,0.031964458306120436
2022-07-05 13:38:39,133.78323900001214,0.004905157858320842,0.020218745821694722,0.020218745821694722,0.03696616314094893
2022-07-05 13:54:32,78.60329300001194,-0.005528797960739043,0.014663504114335662,0.014663504114335662,0.031319729273512925
2022-07-05 14:09:25,123.31813800001237,0.004471529199220279,0.019165171656418924,0.019165171656418924,0.03589529401192647
2022-07-05 14:24:27,179.83344800001305,0.00568257507170833,0.024854851150058137,0.024854851150058137,0.0416783725312972
2022-07-05 14:40:27,245.6937190000126,0.006594329448888862,0.03148533470140443,0.03148533470140443,0.04841769889259736
2022-07-05 14:55:14,265.13341100001253,0.0019904584875265877,0.03344242592031598,0.03344242592031598,0.05040691677405965
2022-07-06 11:50:55,217.25341100001333,-0.004903225806451555,0.0,0.028622106361678563,0.04550746918176153
2022-07-06 12:05:53,235.61347300001307,0.0018650013067295283,0.0017969664900581881,0.03047050581774357,0.0473862110689867
2022-07-06 12:17:46,240.56317100001343,0.000495182553464216,0.0022814115557616044,0.03096881672164394,0.04789270200358787
2022-07-06 12:30:24,240.56317100001343,0.0,0.0022814115557616044,0.03096881672164394,0.04789270200358787
2022-07-06 12:42:14,231.7131030000137,-0.0008853545754024733,0.001415222997643661,0.030077836022486273,0.04698709539635578
2022-07-06 12:55:29,263.0027850000142,0.0031338285822057645,0.004477658736617848,0.03322792512290719,0.05018889483534246
2022-07-06 13:07:27,266.33319100001336,0.00033365831512119777,0.004803617765529841,0.03356321378581425,0.05052968743471718
2022-07-06 13:19:27,261.8928300000143,-0.00044653131285113363,0.004369023376864031,0.03311618039033186,0.0500753157553026
2022-07-06 13:31:50,269.71530500001336,0.0007878426532782008,0.0051346376457217895,0.03390370815222488,0.05087577119190552
2022-07-06 13:43:49,390.15013100001397,0.01205602650667138,0.016922035017146394,0.04602848566494177,0.0631995831859434
2022-07-06 14:00:08,409.1253620000143,0.001936145280608315,0.01877921034956708,0.047938817267259286,0.06514127386756935
2022-07-06 14:14:58,429.3452080000143,0.0020239345275422454,0.02075820070897532,0.04997445049922324,0.06721032306976936
2022-07-06 14:27:49,453.7813720000149,0.0024607334985221043,0.023149857548346083,0.05243456159503112,0.06971081815905114
2022-07-06 14:41:42,479.87352800001554,0.0026275488152138968,0.02570359238787817,0.055061389704759815,0.07238076700809162
2022-07-06 14:56:36,386.27326400001493,-0.00954761762008795,0.016542591849393974,0.04563818203448373,0.06280287251992826
2022-07-07 11:50:50,303.04339500001424,-0.008389710596432922,0.0,0.03725901400182884,0.054286156118939874
2022-07-07 12:03:34,303.04325000001427,-1.4333492443253976e-08,-1.40735117027972e-08,0.03725899940395197,0.05428614128143132
2022-07-07 12:16:25,300.5829120000135,-0.0002473444951132179,-0.00023881128183897792,0.037011304847096034,0.05403438069057202
2022-07-07 12:31:03,307.40139100001306,0.0006857909032545784,0.0004229814272269999,0.037697755299975405,0.05473209958196073
2022-07-07 13:45:22,306.7209340000127,-6.963119847951036e-05,0.00035693715526630647,0.03762925028356099,0.054662470020341615
2022-07-07 14:00:40,288.09103300001243,-0.0018822016611586912,-0.001451256820606996,0.0357536847830226,0.052756116144000734
2022-07-07 14:17:43,314.84126200001356,0.002681275694314911,0.0011450856361260118,0.03844676439970457,0.05549340405267818
2022-07-07 14:32:51,303.08108300001277,-0.001185730426425642,3.657948292734125e-06,0.037262808241668235,0.054290012643184705
2022-07-07 14:50:07,308.24113500001386,0.0005211099558161826,0.0005044858883659593,0.03778229653697315,0.05481802860700147
2022-07-08 13:45:13,352.7412440000144,0.004473083069038851,0.0,0.042262345529750826,0.05937161991646371
2022-07-08 13:58:32,352.7412440000144,0.0,0.0,0.042262345529750826,0.05937161991646371
2022-07-08 14:10:46,367.28262100001393,0.0014672571818392368,0.0014045919488642942,0.04372629882888633,0.0608596047646537
2022-07-08 14:22:56,363.66309000001365,0.0003797449947206478,0.0010549714073388313,0.04336190250323062,0.060489226685221796
2022-07-08 14:35:32,363.66309000001365,0.0,0.0010549714073388313,0.04336190250323062,0.060489226685221796
2022-07-08 14:47:54,351.20266200001333,-0.0012477036268923466,-0.00014861590411068524,0.042107448768949396,0.05921418044538062
2022-07-08 14:59:48,346.18345200001295,-0.0005069643211167604,-0.000633435323596429,0.041602139743637814,0.05870057651159305
2022-07-11 13:44:52,213.20805600001313,-0.013323813454908346,0.0,0.0,0.04509351753567271
2022-07-11 14:00:23,202.8081050000119,-0.001045095269933641,-0.0010182844550878738,-0.0010182844550878738,0.04402931505265303
2022-07-11 14:15:48,166.4078610000115,-0.003660523641612033,-0.00458232073050832,-0.00458232073050832,0.04030456384494913
2022-07-11 14:32:44,177.62819300001047,0.0011273136949089462,-0.0034837107796996604,-0.0034837107796996604,0.04145271398283945
2022-07-11 14:51:15,184.10200300000997,0.000654030577940833,-0.002849844323195203,-0.002849844323195203,0.042115163707515564
2022-07-12 13:45:26,109.81705800001055,-0.007451291719362642,0.0,-0.010123263663395447,0.0345137603047537
2022-07-12 14:03:40,59.416976000010436,-0.005066047723351088,-0.00498526152460078,-0.015058058071151712,0.029356438658836338
2022-07-12 14:22:59,-9.363161999989643,-0.006884071644349765,-0.01178856346423137,-0.02179248839146573,0.022318329186780474
2022-07-12 14:40:21,-83.56305899999006,-0.007489250304403753,-0.019127954135132123,-0.029057580475476293,0.014725628545481305
2022-07-12 14:57:05,-63.42922299998918,0.0020262920681855937,-0.017136440749232748,-0.027086227704671555,0.016785876547025323
2022-07-13 12:51:32,0.23484400001234462,0.00636919910825054,0.0,-0.020852724318573355,0.023300470527373218
2022-07-13 13:04:32,0.23484400001234462,0.0,0.0,-0.020852724318573355,0.023300470527373218
2022-07-13 13:16:57,0.23484400001234462,0.0,0.0,-0.020852724318573355,0.023300470527373218
2022-07-14 10:12:44,-118.63765099998727,-0.011993339489989553,0.0,-0.03249181894468987,0.011136528183634569
2022-07-14 10:24:37,-60.38328999998612,0.0058314933297987604,0.005895377473521617,-0.026787993008648515,0.017097559694543223
2022-07-14 10:36:55,-60.38328999998612,0.0,0.005895377473521617,-0.026787993008648515,0.017097559694543223
2022-07-14 10:48:40,49.77346800001487,0.01105385213872185,0.01704330972308119,-0.0160022773553493,0.028369641205789265
2022-07-14 11:00:25,76.71777400001429,0.00269529170905225,0.019770090206212444,-0.013364094929977862,0.031126788556621494
2022-07-14 11:12:06,81.39785200001552,0.0005450242978392757,0.020243717003278018,-0.012905857129049896,0.031605689911861114
2022-07-14 11:23:47,83.32316500001525,0.00019404344966676308,0.020438559873319575,-0.012717345058264395,0.031802702655016266
2022-07-14 11:35:25,32.80326100001639,-0.005054750678687687,0.015325914246564144,-0.017663871528986925,0.02663311990614554
2022-07-14 11:47:43,32.80326100001639,0.0,0.015325914246564144,-0.017663871528986925,0.02663311990614554
2022-07-14 12:00:00,32.80326100001639,0.0,0.015325914246564144,-0.017663871528986925,0.02663311990614554
2022-07-14 12:12:02,14.863135000016882,-0.0017983250566543294,0.013510362365520816,-0.019420432827026702,0.024797349080410123
2022-07-14 12:24:44,48.903135000017755,0.0034042553191488637,0.01695523148353729,-0.016087493772680973,0.02828058208044832
2022-07-14 12:36:22,52.139220000016394,-0.00032471466525614285,0.01728272529316611,-0.015770640832620118,0.02861172303411804
2022-07-14 12:48:22,25.13919300001635,0.0027070954779487458,0.01455030581026651,-0.018414279036400406,0.025848873884637615
2022-07-14 13:00:04,24.45744500001547,7.948710002102532e-05,0.01448131248971778,-0.01848103063846947,0.02577911221803011
2022-07-14 13:11:44,-17.226206999984242,0.004179808908164249,0.010262901047269455,-0.022562378220095557,0.021513722317662794
2022-07-14 13:23:31,4.773667000014939,0.00220566691440298,0.012489301944533118,-0.020408317137684078,0.023764917591266903
2022-07-14 13:35:17,24.476340000014716,0.001971078010069163,0.014483224675440125,-0.018479180583139406,0.025781045698862644
2022-07-14 13:48:25,24.476340000014716,0.0,0.014483224675440125,-0.018479180583139406,0.025781045698862644
2022-07-14 14:01:54,24.476340000014716,0.0,0.014483224675440125,-0.018479180583139406,0.025781045698862644
2022-07-14 14:15:14,33.16121400001339,0.001011837075537199,0.015362139312233862,-0.017628823481592205,0.026669748393280044
2022-07-14 14:27:00,-2.857649999986279,-0.0036084108166720796,0.011717007929753333,-0.021155517915163572,0.022984022902425467
2022-07-14 14:39:24,-2.857649999986279,0.0,0.011717007929753333,-0.021155517915163572,0.022984022902425467
2022-07-14 14:51:11,22.342030000015257,-0.0025209765510899986,0.014267231179339127,-0.018688156057671858,0.025562646785104837
2022-07-15 10:13:06,35.17998000001444,-0.001289813785211165,0.0,-0.017431161200658345,0.02687632396174534
2022-07-15 10:25:21,40.45989900001314,0.000528440016856019,0.0005261409372347771,-0.016914191510914774,0.027416605633258775
2022-07-15 10:37:27,40.30488700001388,-1.551702489827866e-05,0.0005106940792503466,-0.016929369112227633,0.027400743620514964
2022-07-15 10:49:42,32.05484500001421,-0.0008255407230646182,-0.0003114179323370782,-0.01773715075681608,0.026556536260171272
2022-07-15 11:01:37,28.53455000001395,-0.0003525146176907907,-0.0006622133348126037,-0.018081831388082604,0.026196312766814524
2022-07-15 11:14:07,28.534255000014127,2.9598309489436856e-08,-0.0006622427313956476,-0.018081860272249072,0.02619628258015939
2022-07-15 11:25:51,45.30335800001467,-0.0018925965502304724,0.0010087888827281614,-0.01643995667956245,0.02791222538129471
2022-07-15 11:37:38,17.703202000014244,-0.0031157887771204604,-0.0017415510269702375,-0.019142354970938292,0.02508796644517834
2022-07-15 11:50:00,17.703202000014244,0.0,-0.0017415510269702375,-0.019142354970938292,0.02508796644517834
2022-07-15 12:02:24,17.703202000014244,0.0,-0.0017415510269702375,-0.019142354970938292,0.02508796644517834
2022-07-15 12:14:31,1.9080150000145295,0.0015825753767808798,-0.0033155324634247226,-0.020688900083247096,0.02347168217372793
2022-07-15 12:26:16,-10.18897899998501,-0.0012234900214472327,-0.0045209910624841015,-0.02187334613914555,0.02223382527883776
2022-07-15 12:38:40,-10.18897899998501,0.0,-0.0045209910624841015,-0.02187334613914555,0.02223382527883776
2022-07-15 12:50:46,2.060807000015302,-0.001227402796728568,-0.003300306827182494,-0.020673939847524588,0.023487317019102328
2022-07-15 13:02:33,-20.359609999985878,-0.002267267321446657,-0.005534488679893136,-0.022869177316209046,0.021193088571128782
2022-07-15 13:16:00,-20.359609999985878,0.0,-0.005534488679893136,-0.022869177316209046,0.021193088571128782
2022-07-15 13:27:49,2.531803000013497,-0.0022939571088828347,-0.003253372342605729,-0.02062782348551435,0.023535512930091557
2022-07-15 13:39:38,7.956031000013354,0.000543863688837737,-0.0027128510952728188,-0.020096724151176082,0.02409056140157599
2022-07-15 13:51:24,14.266722000013942,0.0006319197777308055,-0.0020839943121777936,-0.01947882907203931,0.02473631954329902
2022-07-15 14:03:47,14.266722000013942,0.0,-0.0020839943121777936,-0.01947882907203931,0.02473631954329902
2022-07-15 14:16:40,12.671746000013627,-0.00015958889284285358,-0.0022429327670115966,-0.019634997045045923,0.024573109407063125
2022-07-15 14:28:25,14.426585000012892,-0.00017554564890277468,-0.0020680640547917043,-0.019463176497537687,0.024752677947443413
2022-07-15 14:41:01,32.46701500001382,-0.002038825728307231,-0.0002703454253346074,-0.017696794191304085,0.026598712645177863
2022-07-15 14:53:22,32.46701500001382,0.0,-0.0002703454253346074,-0.017696794191304085,0.026598712645177863
2022-07-18 10:14:16,-52.933223999986694,-0.008584560573539337,0.0,0.0,0.017859907395591
2022-07-18 10:26:07,-55.27312899998742,-0.0002343107106237598,-0.00023523567828521866,-0.00023523567828521866,0.017620470429875468
2022-07-18 10:37:53,-67.53137299998798,-0.0012261856540829136,-0.001467583291510947,-0.001467583291510947,0.01636611320239835
2022-07-18 10:49:33,-89.37132499998825,-0.002185105363751033,-0.0036632006018015415,-0.0036632006018015415,0.014131282370269808
2022-07-18 11:01:57,-83.21184199998879,0.0006167087801097457,-0.003043974538610645,-0.003043974538610645,0.014761567753606231
2022-07-18 11:13:50,-96.1054409999897,-0.001455674674548217,-0.004340195755412806,-0.004340195755412806,0.013442196145907782
2022-07-18 11:26:40,-89.38165599998956,0.0006723933970547972,-0.0036642391994337843,-0.0036642391994337843,0.014130225223380033
2022-07-18 11:39:27,-88.54157799998848,9.492515272386143e-05,-0.0035797843527016803,-0.0035797843527016803,0.014216188425853881
2022-07-18 11:51:22,-106.04168499998832,0.0017577889096898117,-0.005339107718482594,-0.005339107718482594,0.01242544370768122
2022-07-18 12:03:50,-149.99104799998804,-0.004395503143615236,-0.009757431631421374,-0.009757431631421374,0.007928208938813628
2022-07-18 12:16:20,-176.2437379999874,-0.0026279986799701673,-0.012396670976163609,-0.012396670976163609,0.005241833023779497
2022-07-18 12:52:41,-176.2437379999874,0.0,-0.012396670976163609,-0.012396670976163609,0.005241833023779497
2022-07-18 13:04:38,-264.99070299998766,-0.008898493991668898,-0.021318594091642044,-0.021318594091642044,-0.0038394348123319665
2022-07-18 13:17:02,-264.99070299998766,0.0,-0.021318594091642044,-0.021318594091642044,-0.0038394348123319665
2022-07-18 13:28:51,-246.6195069999876,0.0018583320517733873,-0.0194716982766541,-0.0194716982766541,-0.0019595536091190327
2022-07-18 13:41:19,-274.82850799998687,-0.002828265208080538,-0.022307609770488755,-0.022307609770488755,-0.004846114219615666
2022-07-18 13:53:10,-272.0983649999862,0.0002733554648134894,-0.022033142627412176,-0.022033142627412176,-0.004566745118780607
2022-07-18 14:05:38,-272.0983649999862,0.0,-0.022033142627412176,-0.022033142627412176,-0.004566745118780607
2022-07-18 14:18:05,-272.0983649999862,0.0,-0.022033142627412176,-0.022033142627412176,-0.004566745118780607
2022-07-18 14:30:31,-272.0983649999862,0.0,-0.022033142627412176,-0.022033142627412176,-0.004566745118780607
2022-07-18 14:42:58,-272.0983649999862,0.0,-0.022033142627412176,-0.022033142627412176,-0.004566745118780607
2022-07-18 14:54:45,-329.6103789999879,-0.005757840292332301,-0.027814948992557244,-0.027814948992557244,-0.010451814010186404
2022-07-19 14:50:40,-658.9656649999879,0.033224516664810105,0.0,-0.06092574370388465,-0.04415396444885254
2022-07-19 15:00:53,-628.3415659999891,0.0030770764676152406,0.0032784483925141824,-0.0578470372178792,-0.04102027255010882
2022-07-21 11:30:56,-511.9613694667869,0.011806312973636218,0.0,-0.04614708595043612,-0.029111361236496294
2022-07-21 11:44:03,-511.9613694667869,0.0,0.0,-0.04614708595043612,-0.029111361236496294
2022-07-21 11:56:55,-344.9611711025291,0.016865725928226327,0.017601129682043953,-0.029358197112654225,-0.012022624398796738
2022-07-21 12:08:42,-372.1566679287016,-0.00273702132224535,0.014734836880636377,-0.03209221885379613,-0.01480547551505297
2022-07-21 12:20:48,-323.27304976463984,0.0049129677364226085,0.019886967902399997,-0.027177843665121746,-0.00980333004060167
2022-07-21 12:33:32,-259.23966760317944,0.006585854221632135,0.026635821343552524,-0.020740430143784978,-0.003250944909906703
2022-07-21 12:46:59,-165.61457605044507,0.00941629985440052,0.036503518472381855,-0.011328098482492605,0.0063294901232329405
2022-07-21 12:58:47,-84.21477929751472,0.008255448465185944,0.04508272013066536,-0.0031448019805200315,0.014658939542921409
2022-07-21 13:10:38,33.03500707943658,0.011812390071887306,0.0574403623096964,0.008642571022730526,0.02665683393644731
2022-07-21 13:22:29,187.73503129004803,0.015591271367505098,0.07374510454723064,0.02419489691882957,0.042486922932836735
2022-07-21 13:34:50,187.73503129004803,0.0,0.07374510454723064,0.02419489691882957,0.042486922932836735
2022-07-21 13:46:35,250.73497025489178,0.006418086651702908,0.08038503735295355,0.030528416174661663,0.048933558256066184
2022-07-21 13:58:59,250.73497025489178,0.0,0.08038503735295355,0.030528416174661663,0.048933558256066184
2022-07-21 14:11:06,430.35974137305584,0.01818869863478016,0.09931674474926602,0.04858648044256799,0.06731413787954095
2022-07-21 14:22:54,594.1096955966887,0.016505803842255716,0.11657531215187684,0.06504861525186914,0.08407028489206995
2022-07-21 14:34:40,698.990511026378,0.011090883030968572,0.12762931598910565,0.0755925090239249,0.09480249163048358
2022-07-21 14:47:03,698.990511026378,0.0,0.12762931598910565,0.0755925090239249,0.09480249163048358
2022-07-21 14:59:35,778.5404377841887,0.008089932693862358,0.1360135490066454,0.08358983411977573,0.10294264821195874
