date,action,company,yahoo_ticker,currency,num_shares,stock_price_usd,trading_costs_usd,total_usd,total_shares_held,return
"06/02/2022, 14:08:35",BUY,PVH,PVH,USD,140,71.11000061,0,9955.400085,140,
"06/03/2022, 07:41:01",SELL,PVH,PVH,USD,140,72.47,0,-10145.8,0,
"06/03/2022, 07:41:01",BUY,AVGO,AVGO,USD,17,568.9949951,0,9672.914917,17,
"06/06/2022, 12:56:31",SELL,AVGO,AVGO,USD,17,563.35,0,-9576.95,-17,
"06/06/2022, 12:56:31",BUY,FB,FB,USD,51,192.3729315,0,9811.019507,51,
"06/06/2022, 13:06:40",SELL,FB,FB,USD,51,196.09,0,-10000.59,-51,
"06/06/2022, 13:06:40",BUY,FRT,FRT,USD,90,110.2907991,0,9926.171923,90,
"06/06/2022, 14:29:38",SELL,FRT,FRT,USD,90,110.32,0,-9928.8,-90,
"06/06/2022, 14:29:38",BUY,SJM,SJM,USD,81,122.2600021,0,9903.060173,81,
"06/07/2022, 07:33:59",SELL,SJM,SJM,USD,81,129.5,0,-10489.5,-81,
"06/07/2022, 07:33:59",BUY,TXT,TXT,USD,148,67.33499908,0,9965.579865,148,
"06/07/2022, 07:46:11",SELL,TXT,TXT,USD,148,67.7,0,-10019.6,-148,
"06/07/2022, 07:46:11",BUY,IR,IR,USD,201,49.74000168,0,9997.740337,201,
"06/07/2022, 07:57:49",SELL,IR,IR,USD,201,49.949,0,-10039.749,-201,
"06/07/2022, 07:57:49",BUY,IR,IR,USD,200,49.96500015,0,9993.000031,200,
"06/07/2022, 08:43:31",SELL,IR,IR,USD,200,50.075,0,-10015,-200,
"06/07/2022, 08:43:31",BUY,WAB,WAB,USD,105,94.38999939,0,9910.949936,105,
"06/07/2022, 08:55:33",SELL,WAB,WAB,USD,105,94.44,0,-9916.2,-105,
"06/07/2022, 08:55:33",BUY,TXT,TXT,USD,146,68.13500214,0,9947.710312,146,
"06/07/2022, 09:08:08",SELL,TXT,TXT,USD,146,68.33,0,-9976.18,-146,
"06/07/2022, 09:08:08",BUY,ABT,ABT,USD,86,116.0131269,0,9977.128909,86,
"06/07/2022, 09:19:51",SELL,ABT,ABT,USD,86,116.0131269,0,-9977.128909,-86,
"06/07/2022, 09:19:51",BUY,ANET,ANET,USD,96,104.0800018,0,9991.680176,96,
"06/07/2022, 09:32:09",SELL,ANET,ANET,USD,96,104.06,0,-9989.76,-96,
"06/07/2022, 09:32:09",BUY,WRB,WRB,USD,139,71.90000153,0,9994.100212,139,
"06/07/2022, 09:47:54",SELL,WRB,WRB,USD,139,71.90000153,0,-9994.100212,-139,
"06/07/2022, 09:47:54",BUY,IR,IR,USD,198,50.34999847,0,9969.299698,198,
"06/07/2022, 10:02:02",SELL,IR,IR,USD,198,50.38,0,-9975.24,-198,
"06/07/2022, 10:02:02",BUY,MOH,MOH,USD,35,285.5848071,0,9995.46825,35,
"06/07/2022, 10:16:49",SELL,MOH,MOH,USD,35,286.12,0,-10014.2,-35,
"06/07/2022, 10:16:49",BUY,AVY,AVY,USD,55,181.4299927,0,9978.649597,55,
"06/07/2022, 10:31:29",SELL,AVY,AVY,USD,55,181.55,0,-9985.25,-55,
"06/07/2022, 10:31:29",BUY,STE,STE,USD,44,225.5399933,0,9923.759705,44,
"06/07/2022, 10:46:10",SELL,STE,STE,USD,44,226.44,0,-9963.36,-44,
"06/07/2022, 10:46:10",BUY,IR,IR,USD,197,50.51499939,0,9951.45488,197,
"06/07/2022, 11:00:49",SELL,IR,IR,USD,197,50.41,0,-9930.77,-197,
"06/07/2022, 11:00:49",BUY,V,V,USD,46,214.5700073,0,9870.220337,46,
"06/07/2022, 11:12:40",SELL,V,V,USD,46,214.48,0,-9866.08,-46,
"06/07/2022, 11:12:40",BUY,WTW,WTW,USD,47,209.2599945,0,9835.219742,47,
"06/07/2022, 11:25:47",SELL,WTW,WTW,USD,47,209.2599945,0,-9835.219742,-47,
"06/07/2022, 11:25:47",BUY,IT,IT,USD,37,265.8099976,0,9834.96991,37,
"06/09/2022, 08:45:57",SELL,IT,IT,USD,37,260.4951,0,-9638.3187,-37,
"06/09/2022, 08:45:57",BUY,GD,GD,USD,43,229.4904814,0,9868.090701,43,
"06/09/2022, 08:58:25",SELL,GD,GD,USD,43,229.4904814,0,-9868.090701,-43,
"06/09/2022, 08:58:25",BUY,AIG,AIG,USD,176,56.75999832,0,9989.759705,176,
"06/09/2022, 09:10:49",SELL,AIG,AIG,USD,176,56.8,0,-9996.8,-176,
"06/09/2022, 09:10:49",BUY,AFL,AFL,USD,171,58.38999939,0,9984.689896,171,
"06/09/2022, 09:26:35",SELL,AFL,AFL,USD,171,58.4005,0,-9986.4855,-171,
"06/09/2022, 09:26:35",BUY,GD,GD,USD,43,229.7599945,0,9879.679764,43,
"06/09/2022, 10:27:30",SELL,GD,GD,USD,43,229.7599945,0,-9879.679764,-43,
"06/09/2022, 10:27:30",BUY,JBHT,JBHT,USD,59,166.7200012,0,9836.480072,59,
"06/09/2022, 10:39:51",SELL,JBHT,JBHT,USD,59,167.43,0,-9878.37,-59,
"06/09/2022, 10:39:51",BUY,OMC,OMC,USD,142,70.12000275,0,9957.04039,142,
"06/09/2022, 10:51:34",SELL,OMC,OMC,USD,142,69.8373,0,-9916.8966,-142,
"06/09/2022, 10:51:34",BUY,TDG,TDG,USD,16,609.7199707,0,9755.519531,16,
"06/09/2022, 11:03:17",SELL,TDG,TDG,USD,16,608.005,0,-9728.08,-16,
"06/09/2022, 11:03:17",BUY,GD,GD,USD,44,226.9057215,0,9983.851746,44,
"06/09/2022, 11:15:01",SELL,GD,GD,USD,44,226.87,0,-9982.28,-44,
"06/13/2022, 06:42:04",BUY,LVS,LVS,USD,321,31.06999969,0,9973.469902,321,
"06/13/2022, 06:55:50",SELL,LVS,LVS,USD,321,31.06999969,0,-9973.469902,-321,
"06/13/2022, 06:55:50",BUY,WAB,WAB,USD,115,86.51499939,0,9949.22493,115,
"06/13/2022, 07:08:56",SELL,WAB,WAB,USD,115,86.73,0,-9973.95,-115,
"06/13/2022, 07:08:56",BUY,FBHS,FBHS,USD,160,62.38114384,0,9980.983015,160,
"06/13/2022, 07:21:05",SELL,FBHS,FBHS,USD,160,62.52,0,-10003.2,-160,
"06/13/2022, 07:21:05",BUY,CVX,CVX,USD,58,169.525768,0,9832.494543,58,
"06/13/2022, 07:35:37",SELL,CVX,CVX,USD,58,169.98,0,-9858.84,-58,
"06/13/2022, 07:35:37",BUY,WAB,WAB,USD,115,86.45999908,0,9942.899895,115,
"06/13/2022, 07:50:24",SELL,WAB,WAB,USD,115,86.45999908,0,-9942.899895,-115,
"06/13/2022, 07:50:24",BUY,FIS,FIS,USD,104,95.94499969,0,9978.279968,104,
"06/13/2022, 08:03:53",SELL,FIS,FIS,USD,104,95.94499969,0,-9978.279968,-104,
"06/13/2022, 08:03:53",BUY,FBHS,FBHS,USD,160,62.25999832,0,9961.599731,160,
"06/13/2022, 08:17:23",SELL,FBHS,FBHS,USD,160,62.3437,0,-9974.992,-160,
"06/13/2022, 08:17:23",BUY,FBHS,FBHS,USD,160,62.20000076,0,9952.000122,160,
"06/13/2022, 08:30:06",SELL,FBHS,FBHS,USD,160,62.5,0,-10000,-160,
"06/13/2022, 08:30:06",BUY,WAB,WAB,USD,115,86.25108694,0,9918.874998,115,
"06/13/2022, 08:41:50",SELL,WAB,WAB,USD,115,86.375,0,-9933.125,-115,
"06/13/2022, 08:41:50",BUY,MTD,MTD,USD,8,1165.300049,0,9322.400391,8,
"06/13/2022, 08:57:37",SELL,MTD,MTD,USD,8,1165.300049,0,-9322.400391,-8,
"06/13/2022, 08:57:37",BUY,FISV,FISV,USD,110,90.46009827,0,9950.610809,110,
"06/13/2022, 09:10:00",SELL,FISV,FISV,USD,110,89.94,0,-9893.4,-110,
"06/13/2022, 09:10:00",BUY,IRM,IRM,USD,204,48.86999893,0,9969.479782,204,
"06/13/2022, 09:23:48",SELL,IRM,IRM,USD,204,48.725,0,-9939.9,-204,
"06/13/2022, 09:23:48",BUY,FBHS,FBHS,USD,160,62.24222353,0,9958.755764,160,
"06/13/2022, 09:36:34",SELL,FBHS,FBHS,USD,160,62.17,0,-9947.2,-160,
"06/13/2022, 09:36:34",BUY,IRM,IRM,USD,205,48.59000015,0,9960.950031,205,
"06/13/2022, 09:50:21",SELL,IRM,IRM,USD,205,48.9,0,-10024.5,-205,
"06/13/2022, 09:50:21",BUY,MTD,MTD,USD,8,1177.369995,0,9418.959961,8,
"06/13/2022, 10:02:11",SELL,MTD,MTD,USD,8,1175.33,0,-9402.64,-8,
"06/13/2022, 10:02:11",BUY,MTD,MTD,USD,8,1177.369995,0,9418.959961,8,
"06/13/2022, 10:13:55",SELL,MTD,MTD,USD,8,1174.51,0,-9396.08,-8,
"06/13/2022, 10:13:55",BUY,WAB,WAB,USD,115,86.30000305,0,9924.500351,115,
"06/13/2022, 10:26:24",SELL,WAB,WAB,USD,115,86.17,0,-9909.55,-115,
"06/13/2022, 10:26:24",BUY,IRM,IRM,USD,205,48.60499954,0,9964.024906,205,
"06/13/2022, 10:38:39",SELL,IRM,IRM,USD,205,48.60499954,0,-9964.024906,-205,
"06/13/2022, 10:38:39",BUY,SYK,SYK,USD,48,207.4801025,0,9959.044922,48,
"06/13/2022, 10:51:02",SELL,SYK,SYK,USD,48,206.02,0,-9888.96,-48,
"06/13/2022, 10:51:02",BUY,WAB,WAB,USD,117,85.41500092,0,9993.555107,117,
"06/13/2022, 11:03:02",SELL,WAB,WAB,USD,117,85.89,0,-10049.13,-117,
"06/13/2022, 11:03:02",BUY,AAL,AAL,USD,750,13.31750011,0,9988.125086,750,
"06/13/2022, 11:14:48",SELL,AAL,AAL,USD,750,13.32,0,-9990,0,
"06/15/2022, 14:25:45",BUY,LYV,LYV,USD,114,87.31500244,0,9953.910278,114,[1.6601785e-05]
"06/15/2022, 14:37:18",SELL,LYV,LYV,USD,114,87.62,0,-9988.68,0,0.003493072
"06/15/2022, 14:56:42",BUY,AMAT,AMAT,USD,102,97.39956466,0,9934.755595,102,0.000105127
"06/15/2022, 15:08:14",SELL,AMAT,AMAT,USD,102,97.42,0,-9936.84,0,0.000209809
"06/16/2022, 10:39:02",BUY,PNW,PNW,USD,147,67.98523053,0,9993.828888,147,0.0001772
"06/16/2022, 10:50:37",SELL,PNW,PNW,USD,147,67.58,0,-9934.26,0,-0.005960567
"06/16/2022, 10:50:37",BUY,ROST,ROST,USD,136,73.20599747,0,9956.015656,136,8.05E-05
"06/16/2022, 11:02:48",SELL,ROST,ROST,USD,136,73.20599747,0,-9956.015656,0,0
"06/16/2022, 11:02:48",BUY,NCLH,NCLH,USD,945,10.57499981,0,9993.37482,945,5.68E-06
"06/16/2022, 11:15:06",SELL,NCLH,NCLH,USD,945,10.5325,0,-9953.2125,0,-0.004018895
"06/16/2022, 11:15:06",BUY,EMN,EMN,USD,113,88.05999756,0,9950.779724,113,0.000183414
"06/16/2022, 11:26:46",SELL,EMN,EMN,USD,113,87.92,0,-9934.96,0,-0.001589797
"06/16/2022, 11:45:47",BUY,DAL,DAL,USD,340,29.39999962,0,9995.99987,340,3.95E-05
"06/16/2022, 11:58:24",SELL,DAL,DAL,USD,340,29.44,0,-10009.6,0,0.001360557
"06/16/2022, 11:58:24",BUY,VRSK,VRSK,USD,63,158.0050049,0,9954.315308,63,8.44E-05
"06/16/2022, 12:12:07",SELL,VRSK,VRSK,USD,63,158.06,0,-9957.78,0,0.000348059
"06/16/2022, 12:12:07",SELL,BKNG,BKNG,USD,5,1855.969971,0,-9279.849854,-5,0
"06/16/2022, 12:25:48",BUY,BKNG,BKNG,USD,5,1857.75,0,9288.75,0,0.000959083
"06/16/2022, 12:25:48",BUY,UDR,UDR,USD,234,42.69333204,0,9990.239697,234,0.000153241
"06/16/2022, 12:39:30",SELL,UDR,UDR,USD,234,42.785,0,-10011.69,0,0.002147126
"06/16/2022, 12:39:30",BUY,CTRA,CTRA,USD,341,29.28499985,0,9986.184948,341,0.000188488
"06/16/2022, 12:54:12",SELL,CTRA,CTRA,USD,341,29.008,0,-9891.728,0,-0.009458762
"06/16/2022, 12:54:12",BUY,REGN,REGN,USD,17,557.710022,0,9481.070374,17,5.81E-05
"06/16/2022, 13:07:18",SELL,REGN,REGN,USD,17,556.09,0,-9453.53,0,-0.002904775
"06/16/2022, 13:07:18",BUY,HLT,HLT,USD,86,115.9409351,0,9970.920422,86,0.000246034
"06/16/2022, 13:20:26",SELL,HLT,HLT,USD,86,115.9409351,0,-9970.920422,0,0
"06/16/2022, 13:20:26",BUY,VRSK,VRSK,USD,63,157.552403,0,9925.801386,63,0.000119702
"06/16/2022, 13:33:11",SELL,VRSK,VRSK,USD,63,157.5625,0,-9926.4375,0,6.41E-05
"06/16/2022, 13:33:11",BUY,HLT,HLT,USD,86,115.6314261,0,9944.302647,86,7.28E-05
"06/16/2022, 13:46:54",SELL,HLT,HLT,USD,86,115.26,0,-9912.36,0,-0.003212156
"06/16/2022, 13:46:54",BUY,ANET,ANET,USD,111,89.41999817,0,9925.619797,111,6.86E-05
"06/16/2022, 14:01:36",SELL,ANET,ANET,USD,111,89.81,0,-9968.91,0,0.004361461
"06/16/2022, 14:01:36",BUY,NI,NI,USD,370,26.98500061,0,9984.450226,370,1.10E-05
"06/16/2022, 14:15:20",SELL,NI,NI,USD,370,27.2,0,-10064,0,0.007967366
"06/16/2022, 14:15:20",BUY,CTRA,CTRA,USD,347,28.75209999,0,9976.978697,347,0.000476238
"06/17/2022, 12:36:32",SELL,CTRA,CTRA,USD,347,26.835,0,-9311.745,0,-0.066676869
"06/17/2022, 12:36:32",BUY,BWA,BWA,USD,296,33.74000168,0,9987.040497,296,0.000323469
"06/17/2022, 12:48:13",SELL,BWA,BWA,USD,296,33.72,0,-9981.12,0,-0.000592818
"06/17/2022, 12:48:13",BUY,FDS,FDS,USD,28,351.8739335,0,9852.470138,28,0.000116737
"06/17/2022, 12:59:52",SELL,FDS,FDS,USD,28,351.02,0,-9828.56,0,-0.002426817
"06/17/2022, 12:59:52",BUY,DRE,DRE,USD,193,51.75,0,9987.75,193,0.000232199
"06/17/2022, 13:13:33",SELL,DRE,DRE,USD,193,51.765,0,-9990.645,0,0.000289855
"06/17/2022, 13:13:33",SELL,MTD,MTD,USD,8,1111.584961,0,-8892.679688,-8,0
"06/17/2022, 13:26:15",BUY,MTD,MTD,USD,8,1109.695,0,8877.56,0,-0.00170024
"06/17/2022, 13:26:15",BUY,FDS,FDS,USD,28,352.8099976,0,9878.679932,28,5.95E-05
"06/17/2022, 13:39:59",SELL,FDS,FDS,USD,28,352.59,0,-9872.52,0,-0.000623558
"06/17/2022, 13:39:59",BUY,BWA,BWA,USD,295,33.84999847,0,9985.74955,295,0.000156983
"06/17/2022, 13:52:41",SELL,BWA,BWA,USD,295,33.835,0,-9981.325,0,-0.000443086
"06/17/2022, 13:52:41",BUY,VMC,VMC,USD,68,146.3600006,0,9952.480042,68,0.00010634
"06/17/2022, 14:05:21",SELL,VMC,VMC,USD,68,146.22,0,-9942.96,0,-0.00095655
"06/17/2022, 14:05:21",BUY,O,O,USD,154,64.92009735,0,9997.694992,154,0.000151365
"06/17/2022, 14:19:05",SELL,O,O,USD,154,64.99,0,-10008.46,0,0.001076749
"06/17/2022, 14:19:05",BUY,MSI,MSI,USD,49,201.9299927,0,9894.569641,49,3.95E-05
"06/17/2022, 14:31:48",SELL,MSI,MSI,USD,49,203.75,0,-9983.75,0,0.009013061
"06/17/2022, 14:31:48",BUY,MKC,MKC,USD,120,82.96204203,0,9955.445043,120,6.46E-05
"06/17/2022, 14:46:29",SELL,MKC,MKC,USD,120,82.52,0,-9902.4,0,-0.005328244
"06/17/2022, 14:46:29",BUY,TDG,TDG,USD,19,518.576037,0,9852.944702,19,0.000210676
"06/17/2022, 15:00:12",SELL,TDG,TDG,USD,19,515.18,0,-9788.42,0,-0.006548773
"06/17/2022, 15:00:12",BUY,ZION,ZION,USD,190,52.41500092,0,9958.850174,190,7.64E-06
"06/17/2022, 15:11:52",SELL,ZION,ZION,USD,190,52.26,0,-9929.4,0,-0.002957186
"06/17/2022, 17:03:03",BUY,ZION,ZION,USD,190,52.41500092,0,9958.850174,190,7.64E-06
"06/17/2022, 17:14:39",SELL,ZION,ZION,USD,190,52.26,0,-9929.4,0,-0.002957186
"06/17/2022, 17:14:39",BUY,ZION,ZION,USD,190,52.41500092,0,9958.850174,190,7.64E-06
"06/17/2022, 17:26:18",SELL,ZION,ZION,USD,190,52.26,0,-9929.4,0,-0.002957186
"06/17/2022, 17:26:18",BUY,ZION,ZION,USD,190,52.41500092,0,9958.850174,190,7.64E-06
"06/17/2022, 17:37:57",SELL,ZION,ZION,USD,190,52.26,0,-9929.4,0,-0.002957186
"06/17/2022, 17:37:57",BUY,ZION,ZION,USD,190,52.41500092,0,9958.850174,190,7.64E-06
"06/17/2022, 17:49:39",SELL,ZION,ZION,USD,190,52.26,0,-9929.4,0,-0.002957186
"06/17/2022, 17:49:39",BUY,ZION,ZION,USD,190,52.41500092,0,9958.850174,190,7.64E-06
"06/17/2022, 18:01:20",SELL,ZION,ZION,USD,190,52.26,0,-9929.4,0,-0.002957186
"06/17/2022, 18:01:20",BUY,ZION,ZION,USD,190,52.41500092,0,9958.850174,190,7.64E-06
"06/17/2022, 18:12:58",SELL,ZION,ZION,USD,190,52.26,0,-9929.4,0,-0.002957186
"06/17/2022, 18:12:58",BUY,ZION,ZION,USD,190,52.41500092,0,9958.850174,190,7.64E-06
"06/17/2022, 18:24:35",SELL,ZION,ZION,USD,190,52.26,0,-9929.4,0,-0.002957186
"06/17/2022, 18:24:35",BUY,ZION,ZION,USD,190,52.41500092,0,9958.850174,190,7.64E-06
"06/17/2022, 18:36:13",SELL,ZION,ZION,USD,190,52.26,0,-9929.4,0,-0.002957186
"06/17/2022, 18:36:13",BUY,ZION,ZION,USD,190,52.41500092,0,9958.850174,190,7.64E-06
"06/17/2022, 18:47:50",SELL,ZION,ZION,USD,190,52.26,0,-9929.4,0,-0.002957186
"06/17/2022, 18:47:50",BUY,ZION,ZION,USD,190,52.41500092,0,9958.850174,190,7.64E-06
"06/17/2022, 18:52:56",SELL,ZION,ZION,USD,190,52.26,0,-9929.4,0,-0.002957186
"06/17/2022, 18:52:56",BUY,ZION,ZION,USD,190,52.41500092,0,9958.850174,190,7.64E-06
"06/17/2022, 18:56:50",SELL,ZION,ZION,USD,190,52.26,0,-9929.4,0,-0.002957186
"06/17/2022, 18:56:50",BUY,ZION,ZION,USD,190,52.41500092,0,9958.850174,190,7.64E-06
"06/21/2022, 10:12:33",SELL,ZION,ZION,USD,190,53.35,0,-10136.5,0,0.017838387
"06/21/2022, 10:12:33",BUY,TMO,TMO,USD,19,515.5900269,0,9796.21051,19,7.69E-05
"06/21/2022, 10:24:38",SELL,TMO,TMO,USD,19,513.7325,0,-9760.9175,0,-0.003602721
"06/21/2022, 10:24:38",BUY,GOOG,GOOG,USD,4,2244.228251,0,8976.913005,4,0.00020171
"06/21/2022, 10:36:23",SELL,GOOG,GOOG,USD,4,2247.1,0,-8988.4,0,0.001279615
"06/21/2022, 10:36:23",BUY,FRT,FRT,USD,104,96.02999878,0,9987.119873,104,6.51E-05
"06/21/2022, 10:49:10",SELL,FRT,FRT,USD,104,96.02999878,0,-9987.119873,0,0
"06/21/2022, 10:49:10",BUY,FRT,FRT,USD,104,95.98000336,0,9981.920349,104,8.23E-05
"06/21/2022, 11:02:27",SELL,FRT,FRT,USD,104,95.915,0,-9975.16,0,-0.000677259
"06/21/2022, 11:02:27",BUY,MPC,MPC,USD,110,90.52999878,0,9958.299866,110,0.000234874
"06/21/2022, 11:14:54",SELL,MPC,MPC,USD,110,90.39,0,-9942.9,0,-0.001546435
"06/21/2022, 11:14:54",BUY,FRT,FRT,USD,104,95.76999664,0,9960.079651,104,4.84E-05
"06/21/2022, 11:27:20",SELL,FRT,FRT,USD,104,96,0,-9984,0,0.002401622
"06/21/2022, 11:27:20",BUY,GOOG,GOOG,USD,4,2236.529134,0,8946.116536,4,0.000264709
"06/21/2022, 11:39:04",SELL,GOOG,GOOG,USD,4,2244.19,0,-8976.76,0,0.003425337
"06/21/2022, 11:39:04",BUY,HBAN,HBAN,USD,826,12.0968184,0,9991.972002,826,0.00011062
"06/21/2022, 11:50:58",SELL,HBAN,HBAN,USD,826,12.075,0,-9973.95,0,-0.001803648
"06/21/2022, 11:50:58",BUY,HBAN,HBAN,USD,826,12.10499954,0,9998.729622,826,4.35E-05
"06/21/2022, 12:02:44",SELL,HBAN,HBAN,USD,826,12.115,0,-10006.99,0,0.000826143
"06/21/2022, 12:02:44",BUY,NXPI,NXPI,USD,62,159.9199982,0,9915.039886,62,4.01E-06
"06/21/2022, 12:16:31",SELL,NXPI,NXPI,USD,62,159.9375,0,-9916.125,0,0.000109441
"06/21/2022, 12:16:31",BUY,GOOG,GOOG,USD,4,2241.600098,0,8966.400391,4,4.08E-05
"06/21/2022, 12:29:18",SELL,GOOG,GOOG,USD,4,2246,0,-8984,0,0.00196284
"06/21/2022, 12:29:18",BUY,MKC,MKC,USD,119,83.59629737,0,9947.959387,119,3.91E-05
"06/21/2022, 12:41:04",SELL,MKC,MKC,USD,119,83.56,0,-9943.64,0,-0.000434198
"06/21/2022, 12:41:04",BUY,MKC,MKC,USD,119,83.59629737,0,9947.959387,119,3.91E-05
"06/21/2022, 12:52:49",SELL,MKC,MKC,USD,119,83.6328,0,-9952.3032,0,0.000436654
"06/21/2022, 12:52:49",BUY,HBAN,HBAN,USD,826,12.09500027,0,9990.470221,826,0.000410565
"06/21/2022, 13:05:16",SELL,HBAN,HBAN,USD,826,12.09,0,-9986.34,0,-0.000413416
"06/21/2022, 13:05:16",BUY,HBAN,HBAN,USD,827,12.07749987,0,9988.09239,827,0.000379101
"06/21/2022, 13:17:06",SELL,HBAN,HBAN,USD,827,12.0834,0,-9992.9718,0,0.000488523
"06/21/2022, 13:17:06",BUY,FRT,FRT,USD,104,95.91999817,0,9975.67981,104,0.000193519
"06/21/2022, 13:28:50",SELL,FRT,FRT,USD,104,95.799,0,-9963.096,0,-0.001261449
"06/21/2022, 13:28:50",BUY,FIS,FIS,USD,107,92.83039856,0,9932.852646,107,3.30E-05
"06/21/2022, 13:43:08",SELL,FIS,FIS,USD,107,92.81,0,-9930.67,0,-0.00021974
"06/21/2022, 13:43:08",BUY,HBAN,HBAN,USD,826,12.10000038,0,9994.600315,826,0.000120137
"06/21/2022, 13:56:35",SELL,HBAN,HBAN,USD,826,12.12,0,-10011.12,0,0.001652861
"06/21/2022, 13:56:35",BUY,MPC,MPC,USD,109,91.45999908,0,9969.1399,109,5.59E-06
"06/21/2022, 14:12:22",SELL,MPC,MPC,USD,109,91.67,0,-9992.03,0,0.002296096
"06/21/2022, 14:12:22",BUY,FRT,FRT,USD,104,95.33287405,0,9914.618902,104,8.88E-05
"06/21/2022, 14:26:07",SELL,FRT,FRT,USD,104,95.27,0,-9908.08,0,-0.000659521
"06/21/2022, 14:26:07",BUY,FIS,FIS,USD,107,93.20999908,0,9973.469902,107,2.77E-05
"06/21/2022, 14:40:51",SELL,FIS,FIS,USD,107,93.09,0,-9960.63,0,-0.001287406
"06/21/2022, 14:40:51",BUY,GOOG,GOOG,USD,4,2243.050049,0,8972.200195,4,0.000394883
"06/21/2022, 14:55:37",SELL,GOOG,GOOG,USD,4,2242.14,0,-8968.56,0,-0.000405719
"06/21/2022, 14:55:37",BUY,ESS,ESS,USD,39,256,0,9984,39,7.57E-05
"06/21/2022, 15:08:21",SELL,ESS,ESS,USD,39,255.33,0,-9957.87,0,-0.002617187
"06/21/2022, 15:08:21",BUY,MKC,MKC,USD,119,83.76000214,0,9967.440254,119,0.001389506
"06/21/2022, 15:20:04",SELL,MKC,MKC,USD,119,83.57,0,-9944.83,0,-0.002268411
"06/22/2022, 13:45:23",BUY,MTD,MTD,USD,9,1105.045044,0,9945.405396,9,7.95E-05
"06/23/2022, 11:47:31",SELL,MTD,MTD,USD,9,1105.045044,0,-9945.405396,0,0
"06/23/2022, 11:47:31",BUY,NEE,NEE,USD,130,76.52999878,0,9948.899841,130,0.000101187
"06/23/2022, 12:00:38",SELL,NEE,NEE,USD,130,76.65,0,-9964.5,0,0.001568029
"06/23/2022, 12:00:38",BUY,DHI,DHI,USD,149,66.94999695,0,9975.549545,149,3.09E-05
"06/23/2022, 12:14:24",SELL,DHI,DHI,USD,149,67.0001,0,-9983.0149,0,0.000748365
"06/23/2022, 12:14:24",BUY,MA,MA,USD,31,314.2550049,0,9741.905151,31,0.000294052
"06/23/2022, 12:27:10",SELL,MA,MA,USD,31,314.63,0,-9753.53,0,0.001193283
"06/23/2022, 12:27:10",SELL,GOOG,GOOG,USD,4,2228.044922,0,-8912.179688,-4,0
"06/23/2022, 12:41:54",BUY,GOOG,GOOG,USD,4,2221.95,0,8887.8,0,-0.002735547
"06/23/2022, 12:41:54",BUY,NEE,NEE,USD,130,76.77999878,0,9981.399841,130,4.86E-05
"06/23/2022, 12:56:40",SELL,NEE,NEE,USD,130,76.97,0,-10006.1,0,0.002474619
"06/23/2022, 12:56:40",BUY,MA,MA,USD,31,314.5799866,0,9751.979584,31,8.56E-05
"06/23/2022, 13:10:28",SELL,MA,MA,USD,31,315.82,0,-9790.42,0,0.003941806
"06/23/2022, 13:10:28",BUY,NEE,NEE,USD,129,77.09999847,0,9945.899803,129,9.90E-05
"06/23/2022, 13:26:16",SELL,NEE,NEE,USD,129,77.17,0,-9954.93,0,0.000907932
"06/23/2022, 13:26:16",BUY,MA,MA,USD,31,315.4672713,0,9779.48541,31,0.000125675
"06/23/2022, 13:41:03",SELL,MA,MA,USD,31,316.7,0,-9817.7,0,0.003907628
"06/23/2022, 13:41:03",BUY,NEE,NEE,USD,129,77.26589966,0,9967.301056,129,3.63E-05
"06/23/2022, 13:55:53",SELL,NEE,NEE,USD,129,77.1,0,-9945.9,0,-0.002147126
"06/23/2022, 13:55:53",BUY,HUM,HUM,USD,21,455.0150146,0,9555.315308,21,6.83E-05
"06/23/2022, 14:09:40",SELL,HUM,HUM,USD,21,454.83,0,-9551.43,0,-0.000406612
"06/23/2022, 14:09:40",BUY,NEE,NEE,USD,129,77.12000275,0,9948.480354,129,4.83E-05
"06/23/2022, 14:25:27",SELL,NEE,NEE,USD,129,77.195,0,-9958.155,0,0.000972475
"06/23/2022, 14:25:27",BUY,MA,MA,USD,31,315.2900085,0,9773.990265,31,1.86E-05
"06/23/2022, 14:40:13",SELL,MA,MA,USD,31,316.77,0,-9819.87,0,0.004694064
"06/23/2022, 14:40:13",BUY,NWSA,NWSA,USD,657,15.20499992,0,9989.68495,657,1.61E-05
"06/23/2022, 14:53:59",SELL,NWSA,NWSA,USD,657,15.24,0,-10012.68,0,0.002301879
"06/23/2022, 14:53:59",BUY,HUM,HUM,USD,21,455.0870428,0,9556.827899,21,5.16E-05
"06/23/2022, 15:06:43",SELL,HUM,HUM,USD,21,455.34,0,-9562.14,0,0.000555844
"06/23/2022, 15:06:43",BUY,MKTX,MKTX,USD,36,273.2749939,0,9837.89978,36,0.000398576
"06/23/2022, 15:18:26",SELL,MKTX,MKTX,USD,36,272.73,0,-9818.28,0,-0.001994306
"06/24/2022, 11:56:31",BUY,ETSY,ETSY,USD,121,82.36000061,0,9965.560074,121,5.46E-05
"06/24/2022, 12:08:19",SELL,ETSY,ETSY,USD,121,82.75,0,-10012.75,0,0.004735301
"06/24/2022, 12:08:19",BUY,UAA,UAA,USD,1053,9.494999886,0,9998.234879,1053,6.43E-06
"06/24/2022, 12:22:06",SELL,UAA,UAA,USD,1053,9.49,0,-9992.97,0,-0.000526581
"06/24/2022, 12:22:06",BUY,MU,MU,USD,170,58.68000031,0,9975.600052,170,8.36E-05
"06/24/2022, 12:36:52",SELL,MU,MU,USD,170,58.53,0,-9950.1,0,-0.002556242
"06/24/2022, 12:36:52",BUY,CHRW,CHRW,USD,96,103.6409087,0,9949.527233,96,2.58E-05
"06/24/2022, 12:52:36",SELL,CHRW,CHRW,USD,96,103.72,0,-9957.12,0,0.000763128
"06/24/2022, 12:52:36",BUY,ACN,ACN,USD,33,296.2799988,0,9777.23996,33,0.000147603
"06/24/2022, 13:07:22",SELL,ACN,ACN,USD,33,296.32,0,-9778.56,0,0.000135012
"06/24/2022, 13:07:22",BUY,KO,KO,USD,159,62.70500183,0,9970.095291,159,5.30E-05
"06/24/2022, 13:23:07",SELL,KO,KO,USD,159,62.695,0,-9968.505,0,-0.000159506
"06/24/2022, 13:23:07",BUY,DOW,DOW,USD,187,53.31000137,0,9968.970257,187,4.47E-05
"06/24/2022, 13:34:52",SELL,DOW,DOW,USD,187,53.29,0,-9965.23,0,-0.00037519
"06/24/2022, 13:34:52",BUY,KO,KO,USD,159,62.74499893,0,9976.45483,159,5.86E-05
"06/24/2022, 13:48:35",SELL,KO,KO,USD,159,62.8,0,-9985.2,0,0.000876581
"06/24/2022, 13:48:35",BUY,JNJ,JNJ,USD,55,181.6549988,0,9991.024933,55,1.16E-05
"06/24/2022, 14:02:22",SELL,JNJ,JNJ,USD,55,182.0834,0,-10014.587,0,0.002358323
"06/24/2022, 14:02:22",BUY,MS,MS,USD,128,77.62000275,0,9935.360352,128,9.14E-06
"06/24/2022, 14:17:08",SELL,MS,MS,USD,128,77.75,0,-9952,0,0.001674791
"06/24/2022, 14:17:08",BUY,MS,MS,USD,128,77.70999908,0,9946.879883,128,6.37E-05
"06/24/2022, 14:32:56",SELL,MS,MS,USD,128,77.985,0,-9982.08,0,0.00353881
"06/24/2022, 14:32:56",BUY,JNJ,JNJ,USD,54,182.0099996,0,9828.539978,54,0.000185022
"06/24/2022, 14:45:43",SELL,JNJ,JNJ,USD,54,182.415,0,-9850.41,0,0.002225155
"06/24/2022, 14:45:43",BUY,MCHP,MCHP,USD,166,60.02095286,0,9963.478175,166,9.35E-05
"06/24/2022, 15:00:29",SELL,MCHP,MCHP,USD,166,60.58,0,-10056.28,0,0.0093142
"06/24/2022, 15:00:29",BUY,ACN,ACN,USD,33,298.8999939,0,9863.699799,33,0.000375829
"06/24/2022, 15:12:16",SELL,ACN,ACN,USD,33,299.57,0,-9885.81,0,0.002241573
"06/27/2022, 10:30:05",BUY,MRNA,MRNA,USD,69,143.1999969,0,9880.799789,69,0.000178268
"06/27/2022, 10:41:53",SELL,MRNA,MRNA,USD,69,144.93,0,-10000.17,0,0.012081027
"06/27/2022, 10:41:53",BUY,FRC,FRC,USD,67,147.6499939,0,9892.549591,67,0.000144992
"06/27/2022, 10:53:46",SELL,FRC,FRC,USD,67,147.91,0,-9909.97,0,0.001760963
"06/27/2022, 10:53:46",BUY,MRNA,MRNA,USD,68,145.1321384,0,9868.98541,68,0.000177581
"06/27/2022, 11:07:07",SELL,MRNA,MRNA,USD,68,143.3701,0,-9749.1668,0,-0.012140925
"06/27/2022, 11:07:07",BUY,GS,GS,USD,33,301.7200012,0,9956.76004,33,9.55E-05
"06/27/2022, 11:19:14",SELL,GS,GS,USD,33,300.9101,0,-9930.0333,0,-0.002684281
"06/27/2022, 11:19:14",BUY,GS,GS,USD,33,301.7200012,0,9956.76004,33,9.55E-05
"06/27/2022, 11:31:08",SELL,GS,GS,USD,33,300.35,0,-9911.55,0,-0.004540638
"06/27/2022, 11:31:08",BUY,GS,GS,USD,33,301.0150146,0,9933.495483,33,2.38E-05
"06/27/2022, 11:42:59",SELL,GS,GS,USD,33,300.5612,0,-9918.5196,0,-0.001507615
"06/27/2022, 11:42:59",BUY,MRNA,MRNA,USD,70,142.6399994,0,9984.799957,70,6.90E-05
"06/27/2022, 11:54:52",SELL,MRNA,MRNA,USD,70,144.04,0,-10082.8,0,0.009814923
"06/27/2022, 11:54:52",BUY,MRNA,MRNA,USD,69,143.3200073,0,9889.080505,69,0.000583969
"06/27/2022, 12:07:41",SELL,MRNA,MRNA,USD,69,144.26,0,-9953.94,0,0.006558698
"06/27/2022, 12:07:41",BUY,MRNA,MRNA,USD,69,143.9900055,0,9935.310379,69,0.001660992
"06/27/2022, 12:22:41",SELL,MRNA,MRNA,USD,69,145.09,0,-10011.21,0,0.007639381
"06/27/2022, 12:22:41",BUY,MRNA,MRNA,USD,69,144.8800049,0,9996.720337,69,0.000102582
"06/27/2022, 12:37:43",SELL,MRNA,MRNA,USD,69,145.45,0,-10036.05,0,0.003934257
"06/27/2022, 12:37:43",BUY,FRC,FRC,USD,67,147.375,0,9874.125,67,3.32E-05
"06/27/2022, 12:53:39",SELL,FRC,FRC,USD,67,147.2,0,-9862.4,0,-0.001187447
"06/27/2022, 12:53:39",BUY,TER,TER,USD,101,98.18000031,0,9916.180031,101,9.87E-06
"06/27/2022, 13:09:41",SELL,TER,TER,USD,101,98.5,0,-9948.5,0,0.003259316
"06/27/2022, 13:09:41",SELL,AZO,AZO,USD,4,2174.97998,0,-8699.919922,-4,0
"06/27/2022, 13:25:41",BUY,AZO,AZO,USD,4,2168.69,0,8674.76,0,-0.002891972
"06/27/2022, 13:25:41",BUY,MRNA,MRNA,USD,68,145.5500031,0,9897.400208,68,1.29E-05
"06/27/2022, 13:41:39",SELL,MRNA,MRNA,USD,68,145.5576,0,-9897.9168,0,5.22E-05
"06/27/2022, 13:41:39",BUY,KLAC,KLAC,USD,29,341.8200073,0,9912.780212,29,7.32E-06
"06/27/2022, 13:58:34",SELL,KLAC,KLAC,USD,29,341.33,0,-9898.57,0,-0.001433524
"06/27/2022, 13:58:34",BUY,KLAC,KLAC,USD,29,341.6384042,0,9907.51372,29,9.41E-05
"06/27/2022, 14:14:38",SELL,KLAC,KLAC,USD,29,341.12,0,-9892.48,0,-0.001517406
"06/27/2022, 14:14:38",BUY,KLAC,KLAC,USD,29,339.6550039,0,9849.995112,29,6.41E-05
"06/27/2022, 14:30:40",SELL,KLAC,KLAC,USD,29,340.2,0,-9865.8,0,0.001604558
"06/27/2022, 14:30:40",BUY,CB,CB,USD,51,195.1300049,0,9951.630249,51,1.99E-05
"06/27/2022, 14:42:53",SELL,CB,CB,USD,51,194.67,0,-9928.17,0,-0.002357428
"06/27/2022, 14:42:53",BUY,CB,CB,USD,51,195.1300049,0,9951.630249,51,1.99E-05
"06/27/2022, 14:54:47",SELL,CB,CB,USD,51,194.7,0,-9929.7,0,-0.002203684
"06/27/2022, 14:54:47",BUY,IBM,IBM,USD,70,142.6199951,0,9983.399658,70,8.51E-05
"06/27/2022, 15:06:53",SELL,IBM,IBM,USD,70,142.805,0,-9996.35,0,0.001297188
"06/27/2022, 15:06:53",BUY,CB,CB,USD,51,194.6300049,0,9926.130249,51,6.72E-05
"06/27/2022, 15:18:47",SELL,CB,CB,USD,51,194.75,0,-9932.25,0,0.000616529
"06/27/2022, 15:18:47",BUY,CB,CB,USD,51,194.6300049,0,9926.130249,51,6.72E-05
"06/27/2022, 15:30:42",SELL,CB,CB,USD,51,194.75,0,-9932.25,0,0.000616529
"06/27/2022, 15:30:42",BUY,CB,CB,USD,51,194.6300049,0,9926.130249,51,6.72E-05
"06/27/2022, 15:42:36",SELL,CB,CB,USD,51,194.75,0,-9932.25,0,0.000616529
"06/27/2022, 15:42:36",BUY,CB,CB,USD,51,194.6300049,0,9926.130249,51,6.72E-05
"06/27/2022, 15:54:28",SELL,CB,CB,USD,51,194.75,0,-9932.25,0,0.000616529
"06/27/2022, 15:54:28",BUY,CB,CB,USD,51,194.6300049,0,9926.130249,51,6.72E-05
"06/27/2022, 16:06:19",SELL,CB,CB,USD,51,194.75,0,-9932.25,0,0.000616529
"06/27/2022, 16:06:19",BUY,CB,CB,USD,51,194.6300049,0,9926.130249,51,6.72E-05
"06/27/2022, 16:18:10",SELL,CB,CB,USD,51,194.75,0,-9932.25,0,0.000616529
"06/27/2022, 16:18:10",BUY,CB,CB,USD,51,194.6300049,0,9926.130249,51,6.72E-05
"06/27/2022, 16:30:01",SELL,CB,CB,USD,51,194.75,0,-9932.25,0,0.000616529
"06/27/2022, 16:30:01",BUY,CB,CB,USD,51,194.6300049,0,9926.130249,51,6.72E-05
"06/27/2022, 16:41:53",SELL,CB,CB,USD,51,194.75,0,-9932.25,0,0.000616529
"06/27/2022, 16:41:53",BUY,CB,CB,USD,51,194.6300049,0,9926.130249,51,6.72E-05
"06/27/2022, 16:53:45",SELL,CB,CB,USD,51,194.75,0,-9932.25,0,0.000616529
"06/27/2022, 16:53:45",BUY,CB,CB,USD,51,194.6300049,0,9926.130249,51,6.72E-05
"06/28/2022, 09:59:28",SELL,CB,CB,USD,51,194.6300049,0,-9926.130249,0,0
"06/28/2022, 09:59:28",BUY,UAL,UAL,USD,257,38.77999878,0,9966.459686,257,8.93E-05
"06/28/2022, 10:12:00",SELL,UAL,UAL,USD,257,38.795,0,-9970.315,0,0.000386829
"06/28/2022, 10:12:00",BUY,DVA,DVA,USD,120,82.66000366,0,9919.200439,120,0.0001498
"06/28/2022, 10:24:15",SELL,DVA,DVA,USD,120,82.97,0,-9956.4,0,0.003750258
"06/28/2022, 10:24:15",BUY,UAL,UAL,USD,258,38.625,0,9965.25,258,6.18E-05
"06/28/2022, 10:36:10",SELL,UAL,UAL,USD,258,38.14,0,-9840.12,0,-0.012556634
"06/28/2022, 10:36:10",BUY,ZBRA,ZBRA,USD,32,308.6499939,0,9876.799805,32,5.77E-05
"06/28/2022, 10:48:29",SELL,ZBRA,ZBRA,USD,32,307.565,0,-9842.08,0,-0.003515289
"06/28/2022, 10:48:29",BUY,DVA,DVA,USD,121,82.41500092,0,9972.215111,121,6.40E-05
"06/28/2022, 11:01:21",SELL,DVA,DVA,USD,121,81.715,0,-9887.515,0,-0.00849361
"06/28/2022, 11:01:21",BUY,BALL,BALL,USD,141,70.75,0,9975.75,141,5.58E-05
"06/28/2022, 11:14:36",SELL,BALL,BALL,USD,141,70.23,0,-9902.43,0,-0.007349823
"06/28/2022, 11:14:36",BUY,DVA,DVA,USD,121,82.13500214,0,9938.335258,121,4.35E-05
"06/28/2022, 11:28:29",SELL,DVA,DVA,USD,121,81.975,0,-9918.975,0,-0.001948038
"06/28/2022, 11:28:29",BUY,LNC,LNC,USD,202,49.39500046,0,9977.790092,202,7.11E-05
"06/28/2022, 11:41:32",SELL,LNC,LNC,USD,202,49.54,0,-10007.08,0,0.00293551
"06/28/2022, 11:41:32",BUY,TYL,TYL,USD,29,336.6700134,0,9763.430389,29,2.10E-05
"06/28/2022, 11:55:26",SELL,TYL,TYL,USD,29,337.83,0,-9797.07,0,0.00344547
"06/28/2022, 11:55:26",BUY,NI,NI,USD,337,29.60533295,0,9976.997203,337,3.32E-05
"06/28/2022, 12:08:24",SELL,NI,NI,USD,337,29.55,0,-9958.35,0,-0.00186902
"06/28/2022, 12:08:24",BUY,UAL,UAL,USD,264,37.75999832,0,9968.639557,264,0.000389956
"06/28/2022, 12:24:20",SELL,UAL,UAL,USD,264,37.57,0,-9918.48,0,-0.005031735
"06/28/2022, 12:24:20",BUY,NI,NI,USD,339,29.45045523,0,9983.704324,339,2.27E-05
"06/28/2022, 12:39:20",SELL,NI,NI,USD,339,29.485,0,-9995.415,0,0.001172979
"06/28/2022, 12:39:20",BUY,COF,COF,USD,91,109.8399963,0,9995.439667,91,1.16E-05
"06/28/2022, 12:55:18",SELL,COF,COF,USD,91,109.66,0,-9979.06,0,-0.001638714
"06/28/2022, 12:55:18",BUY,UAL,UAL,USD,267,37.45000076,0,9999.150204,267,2.62E-05
"06/29/2022, 09:59:23",SELL,UAL,UAL,USD,267,35.43,0,-9459.81,0,-0.053938604
"06/29/2022, 09:59:23",BUY,NFLX,NFLX,USD,55,178.6000061,0,9823.000336,55,0.000720991
"06/29/2022, 10:11:32",SELL,NFLX,NFLX,USD,55,178.14,0,-9797.7,0,-0.002575622
"06/29/2022, 10:11:32",BUY,ETN,ETN,USD,79,126.2890895,0,9976.838074,79,5.30E-05
"06/29/2022, 10:24:13",SELL,ETN,ETN,USD,79,126.07,0,-9959.53,0,-0.001734826
"06/29/2022, 10:24:13",BUY,MCD,MCD,USD,40,247.1892519,0,9887.570077,40,3.98E-05
"06/29/2022, 10:37:53",SELL,MCD,MCD,USD,40,247.145,0,-9885.8,0,-0.00017902
"06/29/2022, 10:37:53",BUY,ETN,ETN,USD,79,126.5199966,0,9995.079735,79,0.000404324
"06/29/2022, 10:49:36",SELL,ETN,ETN,USD,79,126.78,0,-10015.62,0,0.002055038
"06/29/2022, 10:49:36",BUY,ZBRA,ZBRA,USD,33,297.8999939,0,9830.699799,33,9.22E-07
"06/29/2022, 11:01:18",SELL,ZBRA,ZBRA,USD,33,297.8999939,0,-9830.699799,0,0
"06/29/2022, 11:01:18",BUY,MCD,MCD,USD,40,246.7088062,0,9868.352246,40,4.61E-05
"06/29/2022, 11:14:40",SELL,MCD,MCD,USD,40,246.7088062,0,-9868.352246,0,0
"06/29/2022, 11:14:40",BUY,NVR,NVR,USD,2,3925.128932,0,7850.257863,2,8.93E-05
"06/29/2022, 11:27:00",SELL,NVR,NVR,USD,2,3925.128932,0,-7850.257863,0,0
"06/29/2022, 11:27:00",BUY,MCO,MCO,USD,36,271.8150024,0,9785.340088,36,6.21E-05
"06/29/2022, 11:40:31",SELL,MCO,MCO,USD,36,271.89,0,-9788.04,0,0.000275914
"06/29/2022, 11:40:31",BUY,NVR,NVR,USD,2,3928,0,7856,2,8.76E-06
"06/29/2022, 11:54:18",SELL,NVR,NVR,USD,2,3943.6,0,-7887.2,0,0.003971487
"06/29/2022, 11:54:18",BUY,CTRA,CTRA,USD,372,26.84000015,0,9984.480057,372,0.000115478
"06/29/2022, 12:09:11",SELL,CTRA,CTRA,USD,372,26.9,0,-10006.8,0,0.002235464
"06/29/2022, 12:09:11",BUY,ZBRA,ZBRA,USD,33,296.519989,0,9785.159637,33,0.00040581
"06/29/2022, 12:24:41",SELL,ZBRA,ZBRA,USD,33,295.95,0,-9766.35,0,-0.001922262
"06/29/2022, 12:24:41",BUY,NFLX,NFLX,USD,56,175.5500031,0,9830.800171,56,0.000104999
"06/29/2022, 12:39:32",SELL,NFLX,NFLX,USD,56,176.0001,0,-9856.0056,0,0.002563924
"06/29/2022, 12:39:32",BUY,CTAS,CTAS,USD,26,370.8999939,0,9643.399841,26,3.04E-05
"06/29/2022, 12:54:22",SELL,CTAS,CTAS,USD,26,371.43,0,-9657.18,0,0.001428973
"06/29/2022, 12:54:22",BUY,BR,BR,USD,69,143.9750061,0,9934.275421,69,1.57E-05
"06/29/2022, 13:09:13",SELL,BR,BR,USD,69,144.66,0,-9981.54,0,0.004757728
"06/29/2022, 13:09:13",BUY,ETN,ETN,USD,78,127.2799988,0,9927.839905,78,1.83E-05
"06/29/2022, 13:24:00",SELL,ETN,ETN,USD,78,127.37,0,-9934.86,0,0.000707112
"06/29/2022, 13:24:00",BUY,BR,BR,USD,69,144.5,0,9970.5,69,3.15E-05
"06/29/2022, 13:37:46",SELL,BR,BR,USD,69,144.05,0,-9939.45,0,-0.003114187
"06/29/2022, 13:37:46",BUY,FANG,FANG,USD,80,124.3103027,0,9944.824219,80,5.25E-05
"06/29/2022, 13:52:35",SELL,FANG,FANG,USD,80,124.04,0,-9923.2,0,-0.002174419
"06/29/2022, 13:52:35",BUY,MCD,MCD,USD,40,248.1653606,0,9926.614423,40,0.000127151
"06/29/2022, 14:07:23",SELL,MCD,MCD,USD,40,247.845,0,-9913.8,0,-0.001290916
"06/29/2022, 14:07:23",BUY,NFLX,NFLX,USD,56,177.1047887,0,9917.868169,56,8.68E-05
"06/29/2022, 14:20:08",SELL,NFLX,NFLX,USD,56,177.3971,0,-9934.2376,0,0.001650499
"06/29/2022, 14:20:08",BUY,FANG,FANG,USD,80,123.8399963,0,9907.199707,80,0.000107196
"06/29/2022, 14:34:55",SELL,FANG,FANG,USD,80,123.2676,0,-9861.408,0,-0.004622064
"06/29/2022, 14:34:55",BUY,NVR,NVR,USD,2,3974,0,7948,2,2.70E-05
"06/29/2022, 14:49:44",SELL,NVR,NVR,USD,2,3970,0,-7940,0,-0.001006543
"06/29/2022, 14:49:44",BUY,NFLX,NFLX,USD,56,177.9299927,0,9964.07959,56,0.00021285
"06/30/2022, 11:51:29",SELL,NFLX,NFLX,USD,56,177.9299927,0,-9964.07959,0,0
"06/30/2022, 11:50:47",BUY,KMB,KMB,USD,74,134.6950073,0,9967.430542,74,4.59E-05
"06/30/2022, 12:03:40",SELL,KMB,KMB,USD,74,135.08,0,-9995.92,0,0.002858255
"06/30/2022, 12:03:14",BUY,KMB,KMB,USD,74,134.8899994,0,9981.859955,74,7.24E-06
"06/30/2022, 12:15:35",SELL,KMB,KMB,USD,74,135.04,0,-9992.96,0,0.001112022
"06/30/2022, 12:15:30",BUY,CNC,CNC,USD,117,85.02120879,0,9947.481429,117,3.15E-05
"06/30/2022, 12:28:42",SELL,CNC,CNC,USD,117,84.67,0,-9906.39,0,-0.004130837
"06/30/2022, 12:28:37",BUY,KMB,KMB,USD,73,135.2299957,0,9871.789688,73,6.54E-06
"06/30/2022, 12:40:55",SELL,KMB,KMB,USD,73,135.71,0,-9906.83,0,0.00354954
"06/30/2022, 12:40:51",BUY,KMB,KMB,USD,73,135.2299957,0,9871.789688,73,6.54E-06
"06/30/2022, 12:53:11",SELL,KMB,KMB,USD,73,135.84,0,-9916.32,0,0.004510865
"06/30/2022, 12:52:45",BUY,ALLE,ALLE,USD,101,98.23999786,0,9922.239784,101,6.36E-05
"06/30/2022, 13:05:59",SELL,ALLE,ALLE,USD,101,98.35,0,-9933.35,0,0.001119729
"06/30/2022, 13:05:04",BUY,GS,GS,USD,33,299.7000122,0,9890.100403,33,0.000129219
"06/30/2022, 13:18:41",SELL,GS,GS,USD,33,299.7000122,0,-9890.100403,0,0
"06/30/2022, 13:17:59",BUY,D,D,USD,124,80.37000275,0,9965.880341,124,0.000141348
"06/30/2022, 13:32:44",SELL,D,D,USD,124,80.13,0,-9936.12,0,-0.002986223
"06/30/2022, 13:32:40",BUY,D,D,USD,125,79.93000031,0,9991.250038,125,0.000125232
"06/30/2022, 13:48:01",SELL,D,D,USD,125,80.0416,0,-10005.2,0,0.001396218
"06/30/2022, 13:47:56",BUY,MSFT,MSFT,USD,38,258.1319885,0,9809.015564,38,0.000107355
"06/30/2022, 14:05:05",SELL,MSFT,MSFT,USD,38,256.875,0,-9761.25,0,-0.004869557
"06/30/2022, 14:05:00",BUY,ALLE,ALLE,USD,102,97.87999725,0,9983.75972,102,1.48E-05
"06/30/2022, 14:20:23",SELL,ALLE,ALLE,USD,102,97.4,0,-9934.8,0,-0.004903936
"06/30/2022, 14:20:18",BUY,GS,GS,USD,33,296.693339,0,9790.880188,33,8.16E-05
"06/30/2022, 14:37:35",SELL,GS,GS,USD,33,298.391,0,-9846.903,0,0.005721938
"06/30/2022, 14:37:31",BUY,SIVB,SIVB,USD,25,395.1099854,0,9877.749634,25,0.000104194
"06/30/2022, 14:53:44",SELL,SIVB,SIVB,USD,25,394.66,0,-9866.5,0,-0.001138886
"06/30/2022, 14:53:40",BUY,MSFT,MSFT,USD,38,257.4899902,0,9784.619629,38,8.90E-05
"07/01/2022, 11:53:12",SELL,MSFT,MSFT,USD,38,256.91,0,-9762.58,0,-0.002252477
"07/01/2022, 11:53:07",BUY,EA,EA,USD,82,121.5899963,0,9970.3797,82,1.10E-05
"07/01/2022, 12:07:22",SELL,EA,EA,USD,82,121.485,0,-9961.77,0,-0.000863528
"07/01/2022, 12:07:17",BUY,FISV,FISV,USD,109,91.28333219,0,9949.883209,109,0.000107567
"07/01/2022, 12:23:31",SELL,FISV,FISV,USD,109,91.31,0,-9952.79,0,0.000292143
"07/01/2022, 12:23:26",BUY,PWR,PWR,USD,80,123.7300034,0,9898.400269,80,0.000183567
"07/01/2022, 12:38:38",SELL,PWR,PWR,USD,80,124.365,0,-9949.2,0,0.005132115
"07/01/2022, 12:38:33",BUY,PWR,PWR,USD,80,124.3799973,0,9950.39978,80,0.000113658
"07/01/2022, 12:52:39",SELL,PWR,PWR,USD,80,124.82,0,-9985.6,0,0.003537568
"07/01/2022, 12:52:35",BUY,WYNN,WYNN,USD,174,57.3933328,0,9986.439907,174,0.000142504
"07/01/2022, 13:07:43",SELL,WYNN,WYNN,USD,174,57.48,0,-10001.52,0,0.001510057
"07/01/2022, 13:07:39",BUY,EA,EA,USD,81,122.1900024,0,9897.390198,81,4.60E-05
"07/01/2022, 13:22:50",SELL,EA,EA,USD,81,122.34,0,-9909.54,0,0.001227576
"07/01/2022, 13:22:45",BUY,EA,EA,USD,81,122.0800018,0,9888.480148,81,1.50E-05
"07/01/2022, 13:37:55",SELL,EA,EA,USD,81,122.29,0,-9905.49,0,0.001720168
"07/01/2022, 13:37:50",BUY,GPN,GPN,USD,91,109.4499969,0,9959.949722,91,1.81E-06
"07/01/2022, 13:52:52",SELL,GPN,GPN,USD,91,109.685,0,-9981.335,0,0.002147127
"07/01/2022, 13:52:47",BUY,WAT,WAT,USD,29,334.6099854,0,9703.689575,29,9.12E-08
"07/01/2022, 14:06:53",SELL,WAT,WAT,USD,29,335,0,-9715,0,0.00116558
"07/01/2022, 14:06:49",BUY,CPRT,CPRT,USD,90,109.9899979,0,9899.099808,90,1.28E-05
"07/01/2022, 14:22:03",SELL,CPRT,CPRT,USD,90,110.09,0,-9908.1,0,0.000909193
"07/01/2022, 14:21:58",BUY,CMI,CMI,USD,51,194.6421928,0,9926.751835,51,6.34E-05
"07/01/2022, 14:39:29",SELL,CMI,CMI,USD,51,194.73,0,-9931.23,0,0.000451121
"07/01/2022, 14:39:25",BUY,BKR,BKR,USD,343,29.13500023,0,9993.305079,343,6.68E-06
"07/01/2022, 14:56:34",SELL,BKR,BKR,USD,343,29.105,0,-9983.015,0,-0.001029697
"07/05/2022, 11:50:45",BUY,FISV,FISV,USD,107,93.26999664,0,9979.889641,107,0.000117218
"07/05/2022, 12:02:39",SELL,FISV,FISV,USD,107,93.27,0,-9979.89,0,3.60E-08
"07/05/2022, 12:02:34",BUY,EA,EA,USD,81,123.4300003,0,9997.830025,81,0.000136356
"07/05/2022, 12:15:28",SELL,EA,EA,USD,81,123.84,0,-10031.04,0,0.003321718
"07/05/2022, 12:15:23",BUY,EA,EA,USD,80,123.8000031,0,9904.000244,80,3.10E-05
"07/05/2022, 12:29:22",SELL,EA,EA,USD,80,124.065,0,-9925.2,0,0.002140525
"07/05/2022, 12:29:18",BUY,NCLH,NCLH,USD,816,12.25,0,9996,816,8.40E-05
"07/05/2022, 12:44:19",SELL,NCLH,NCLH,USD,816,12.33,0,-10061.28,0,0.006530612
"07/05/2022, 12:44:14",BUY,CMI,CMI,USD,51,192.3500061,0,9809.850311,51,9.57E-05
"07/05/2022, 12:57:14",SELL,CMI,CMI,USD,51,191.9,0,-9786.9,0,-0.002339517
"07/05/2022, 12:57:10",BUY,INCY,INCY,USD,128,78.06999969,0,9992.959961,128,2.76E-05
"07/05/2022, 13:11:10",SELL,INCY,INCY,USD,128,78.1404,0,-10001.9712,0,0.000901759
"07/05/2022, 13:11:06",BUY,SEDG,SEDG,USD,37,265.4989014,0,9823.459351,37,8.44E-05
"07/05/2022, 13:25:44",SELL,SEDG,SEDG,USD,37,266.7476,0,-9869.6612,0,0.004703216
"07/05/2022, 13:24:58",BUY,FTV,FTV,USD,183,54.45289993,0,9964.880688,183,2.83E-05
"07/05/2022, 13:38:39",SELL,FTV,FTV,USD,183,54.72,0,-10013.76,0,0.004905158
"07/05/2022, 13:38:34",BUY,BKR,BKR,USD,356,28.03499985,0,9980.459946,356,6.45E-05
"07/05/2022, 13:54:32",SELL,BKR,BKR,USD,356,27.88,0,-9925.28,0,-0.005528798
"07/05/2022, 13:54:28",BUY,NCLH,NCLH,USD,813,12.30000019,0,9999.900155,813,0.000379919
"07/05/2022, 14:09:25",SELL,NCLH,NCLH,USD,813,12.355,0,-10044.615,0,0.004471529
"07/05/2022, 14:09:20",BUY,INCY,INCY,USD,127,78.30999756,0,9945.36969,127,1.16E-05
"07/05/2022, 14:24:27",SELL,INCY,INCY,USD,127,78.755,0,-10001.885,0,0.005682575
"07/05/2022, 14:24:22",BUY,SEDG,SEDG,USD,37,269.9299927,0,9987.409729,37,9.75E-05
"07/05/2022, 14:40:27",SELL,SEDG,SEDG,USD,37,271.71,0,-10053.27,0,0.00659433
"07/05/2022, 14:40:22",BUY,SEDG,SEDG,USD,36,271.2900085,0,9766.440308,36,5.04E-05
"07/05/2022, 14:55:14",SELL,SEDG,SEDG,USD,36,271.83,0,-9785.88,0,0.001990458
"07/05/2022, 14:55:09",BUY,SEDG,SEDG,USD,36,271.25,0,9765,36,0.000245153
"07/06/2022, 11:50:55",SELL,SEDG,SEDG,USD,36,269.92,0,-9717.12,0,-0.004903226
"07/06/2022, 11:50:48",BUY,CMI,CMI,USD,51,193.0299988,0,9844.529938,51,7.55E-05
"07/06/2022, 12:05:53",SELL,CMI,CMI,USD,51,193.39,0,-9862.89,0,0.001865001
"07/06/2022, 12:05:48",BUY,FOX,FOX,USD,330,30.29000092,0,9995.700302,330,1.09E-05
"07/06/2022, 12:17:46",SELL,FOX,FOX,USD,330,30.305,0,-10000.65,0,0.000495183
"07/06/2022, 12:17:41",BUY,FOX,FOX,USD,330,30.29000092,0,9995.700302,330,1.09E-05
"07/06/2022, 12:30:24",SELL,FOX,FOX,USD,330,30.29000092,0,-9995.700302,0,0
"07/06/2022, 12:29:31",BUY,NCLH,NCLH,USD,885,11.29500008,0,9996.075068,885,0.000113901
"07/06/2022, 12:42:14",SELL,NCLH,NCLH,USD,885,11.285,0,-9987.225,0,-0.000885354
"07/06/2022, 12:42:10",BUY,CMS,CMS,USD,149,67.01000214,0,9984.490318,149,9.32E-05
"07/06/2022, 12:55:29",SELL,CMS,CMS,USD,149,67.22,0,-10015.78,0,0.003133829
"07/06/2022, 12:54:01",BUY,SEDG,SEDG,USD,37,269.769989,0,9981.489594,37,1.98E-05
"07/06/2022, 13:07:27",SELL,SEDG,SEDG,USD,37,269.86,0,-9984.82,0,0.000333658
"07/06/2022, 13:07:23",BUY,CMS,CMS,USD,148,67.19000244,0,9944.120361,148,1.25E-05
"07/06/2022, 13:19:27",SELL,CMS,CMS,USD,148,67.16,0,-9939.68,0,-0.000446531
"07/06/2022, 13:19:23",BUY,EA,EA,USD,80,124.1122191,0,9928.977525,80,0.000336149
"07/06/2022, 13:31:50",SELL,EA,EA,USD,80,124.21,0,-9936.8,0,0.000787843
"07/06/2022, 13:31:15",BUY,HST,HST,USD,651,15.34500027,0,9989.595174,651,8.95E-06
"07/06/2022, 13:43:49",SELL,HST,HST,USD,651,15.53,0,-10110.03,0,0.012056027
"07/06/2022, 13:43:45",BUY,TECH,TECH,USD,27,362.9822137,0,9800.519769,27,0.00018034
"07/06/2022, 14:00:08",SELL,TECH,TECH,USD,27,363.685,0,-9819.495,0,0.001936145
"07/06/2022, 14:00:04",BUY,WMB,WMB,USD,337,29.64500046,0,9990.365154,337,3.07E-05
"07/06/2022, 14:14:58",SELL,WMB,WMB,USD,337,29.705,0,-10010.585,0,0.002023935
"07/06/2022, 14:14:53",BUY,MCO,MCO,USD,35,283.7268239,0,9930.438836,35,3.61E-05
"07/06/2022, 14:27:49",SELL,MCO,MCO,USD,35,284.425,0,-9954.875,0,0.002460733
"07/06/2022, 14:27:45",BUY,CPRT,CPRT,USD,88,112.8434982,0,9930.227844,88,4.64E-05
"07/06/2022, 14:41:42",SELL,CPRT,CPRT,USD,88,113.14,0,-9956.32,0,0.002627549
"07/06/2022, 14:41:38",BUY,SEDG,SEDG,USD,36,272.3200073,0,9803.520264,36,0.000352109
"07/06/2022, 14:56:36",SELL,SEDG,SEDG,USD,36,269.72,0,-9709.92,0,-0.009547618
"07/06/2022, 14:56:31",BUY,CHRW,CHRW,USD,98,101.2292844,0,9920.469869,98,0.000166421
"07/07/2022, 11:50:50",SELL,CHRW,CHRW,USD,98,100.38,0,-9837.24,0,-0.00838971
"07/07/2022, 11:50:45",BUY,EA,EA,USD,79,125.5800018,0,9920.820145,79,6.92E-05
"07/07/2022, 12:03:34",SELL,EA,EA,USD,79,125.58,0,-9920.82,0,-1.46E-08
"07/07/2022, 12:02:39",BUY,INCY,INCY,USD,123,80.87000275,0,9947.010338,123,1.64E-05
"07/07/2022, 12:16:25",SELL,INCY,INCY,USD,123,80.85,0,-9944.55,0,-0.000247344
"07/07/2022, 12:16:21",BUY,CPRT,CPRT,USD,87,114.2816267,0,9942.501521,87,5.39E-05
"07/07/2022, 12:31:03",SELL,CPRT,CPRT,USD,87,114.36,0,-9949.32,0,0.000685791
"07/07/2022, 12:30:17",BUY,SEDG,SEDG,USD,34,287.4200134,0,9772.280457,34,2.21E-05
"07/07/2022, 13:45:22",SELL,SEDG,SEDG,USD,34,287.4,0,-9771.6,0,-6.96E-05
"07/07/2022, 13:45:18",BUY,TECH,TECH,USD,27,366.5899963,0,9897.929901,27,7.74E-06
"07/07/2022, 14:00:40",SELL,TECH,TECH,USD,27,365.9,0,-9879.3,0,-0.001882202
"07/07/2022, 14:00:35",BUY,FISV,FISV,USD,107,93.23999786,0,9976.679771,107,1.71E-05
"07/07/2022, 14:17:43",SELL,FISV,FISV,USD,107,93.49,0,-10003.43,0,0.002681276
"07/07/2022, 14:17:39",BUY,CMI,CMI,USD,49,202.4100037,0,9918.090179,49,7.65E-05
"07/07/2022, 14:32:51",SELL,CMI,CMI,USD,49,202.17,0,-9906.33,0,-0.00118573
"07/07/2022, 14:32:45",BUY,CPRT,CPRT,USD,86,115.1399994,0,9902.039948,86,7.12E-05
"07/07/2022, 14:50:07",SELL,CPRT,CPRT,USD,86,115.2,0,-9907.2,0,0.00052111
"07/07/2022, 14:50:02",BUY,FTV,FTV,USD,178,55.88999939,0,9948.419891,178,0.000109684
"07/08/2022, 13:45:13",SELL,FTV,FTV,USD,178,56.14,0,-9992.92,0,0.004473083
"07/08/2022, 13:43:55",BUY,CPRT,CPRT,USD,87,114.5800018,0,9968.460159,87,3.32E-05
"07/08/2022, 13:58:32",SELL,CPRT,CPRT,USD,87,114.5800018,0,-9968.460159,0,0
"07/08/2022, 13:57:17",BUY,PWR,PWR,USD,75,132.141115,0,9910.583623,75,0.000195731
"07/08/2022, 14:10:46",SELL,PWR,PWR,USD,75,132.335,0,-9925.125,0,0.001467257
"07/08/2022, 14:10:42",SELL,GOOGL,GOOGL,USD,4,2382.870117,0,-9531.480469,-4,0
"07/08/2022, 14:22:56",BUY,GOOGL,GOOGL,USD,4,2383.775,0,9535.1,0,0.000379745
"07/08/2022, 14:22:50",SELL,GOOGL,GOOGL,USD,4,2382.870117,0,-9531.480469,-4,0
"07/08/2022, 14:35:32",BUY,GOOGL,GOOGL,USD,4,2382.870117,0,9531.480469,0,0
"07/08/2022, 14:34:49",BUY,HST,HST,USD,623,16.03000069,0,9986.690428,623,3.27E-05
"07/08/2022, 14:47:54",SELL,HST,HST,USD,623,16.01,0,-9974.23,0,-0.001247703
"07/08/2022, 14:47:19",BUY,PWR,PWR,USD,75,132.0069228,0,9900.51921,75,0.000154314
"07/08/2022, 14:59:48",SELL,PWR,PWR,USD,75,131.94,0,-9895.5,0,-0.000506964
"07/08/2022, 14:59:43",BUY,TECH,TECH,USD,27,369.6400146,0,9980.280396,27,2.35E-05
"07/11/2022, 13:44:52",SELL,TECH,TECH,USD,27,364.715,0,-9847.305,0,-0.013323814
"07/11/2022, 13:44:48",BUY,EA,EA,USD,80,124.3899994,0,9951.199951,80,1.03E-05
"07/11/2022, 14:00:23",SELL,EA,EA,USD,80,124.26,0,-9940.8,0,-0.001045095
"07/11/2022, 14:00:17",BUY,EA,EA,USD,80,124.3000031,0,9944.000244,80,5.64E-05
"07/11/2022, 14:15:48",SELL,EA,EA,USD,80,123.845,0,-9907.6,0,-0.003660523
"07/11/2022, 14:15:42",BUY,GS,GS,USD,34,292.7399902,0,9953.159668,34,2.64E-05
"07/11/2022, 14:32:44",SELL,GS,GS,USD,34,293.07,0,-9964.38,0,0.001127314
"07/11/2022, 14:32:39",BUY,EA,EA,USD,80,123.7290774,0,9898.32619,80,2.65E-05
"07/11/2022, 14:51:15",SELL,EA,EA,USD,80,123.81,0,-9904.8,0,0.000654031
"07/11/2022, 14:51:11",BUY,FTV,FTV,USD,179,55.69499969,0,9969.404945,179,7.94E-05
"07/12/2022, 13:45:26",SELL,FTV,FTV,USD,179,55.28,0,-9895.12,0,-0.007451292
"07/12/2022, 13:45:20",BUY,FTV,FTV,USD,180,55.27000046,0,9948.600082,180,5.60E-05
"07/12/2022, 14:03:40",SELL,FTV,FTV,USD,180,54.99,0,-9898.2,0,-0.005066048
"07/12/2022, 14:03:36",BUY,FTV,FTV,USD,181,55.20000076,0,9991.200138,181,5.78E-05
"07/12/2022, 14:22:59",SELL,FTV,FTV,USD,181,54.82,0,-9922.42,0,-0.006884072
"07/12/2022, 14:22:54",BUY,TECH,TECH,USD,28,353.8399963,0,9907.519897,28,2.76E-06
"07/12/2022, 14:40:21",SELL,TECH,TECH,USD,28,351.19,0,-9833.32,0,-0.00748925
"07/12/2022, 14:40:17",BUY,CPRT,CPRT,USD,89,111.6437771,0,9936.296164,89,0.000105512
"07/12/2022, 14:57:05",SELL,CPRT,CPRT,USD,89,111.87,0,-9956.43,0,0.002026292
"07/12/2022, 14:57:01",BUY,WYNN,WYNN,USD,184,54.32399963,0,9995.615933,184,0.000249353
"07/13/2022, 12:51:32",SELL,WYNN,WYNN,USD,184,54.67,0,-10059.28,0,0.006369199
"07/13/2022, 12:50:43",BUY,AON,AON,USD,36,271.8099976,0,9785.159912,36,0.000207597
"07/13/2022, 13:04:32",SELL,AON,AON,USD,36,271.8099976,0,-9785.159912,0,0
"07/13/2022, 13:03:50",BUY,SYY,SYY,USD,114,87.02999878,0,9921.419861,114,5.94E-05
"07/13/2022, 13:16:57",SELL,SYY,SYY,USD,114,87.02999878,0,-9921.419861,0,0
"07/13/2022, 13:16:15",BUY,ATO,ATO,USD,89,111.365646,0,9911.542495,89,1.71E-05
"07/14/2022, 10:12:44",SELL,ATO,ATO,USD,89,110.03,0,-9792.67,0,-0.01199334
"07/14/2022, 10:12:39",BUY,HBAN,HBAN,USD,848,11.78020382,0,9989.612839,848,0.000102002
"07/14/2022, 10:24:37",SELL,HBAN,HBAN,USD,848,11.8489,0,-10047.8672,0,0.005831493
"07/14/2022, 10:24:21",SELL,DLTR,DLTR,USD,60,166.4806209,0,-9988.837252,-60,-3.67E-07
"07/14/2022, 10:36:55",BUY,DLTR,DLTR,USD,60,166.4806209,0,9988.837252,0,0
"07/14/2022, 10:36:13",BUY,OKE,OKE,USD,186,53.57775937,0,9965.463242,186,0.00031142
"07/14/2022, 10:48:40",SELL,OKE,OKE,USD,186,54.17,0,-10075.62,0,0.011053852
"07/14/2022, 10:48:36",BUY,NRG,NRG,USD,275,36.3520207,0,9996.805694,275,0.000124352
"07/14/2022, 11:00:25",SELL,NRG,NRG,USD,275,36.45,0,-10023.75,0,0.002695292
"07/14/2022, 11:00:20",BUY,AZO,AZO,USD,4,2146.72998,0,8586.919922,4,1.48E-05
"07/14/2022, 11:12:06",SELL,AZO,AZO,USD,4,2147.9,0,-8591.6,0,0.000545024
"07/14/2022, 11:12:01",BUY,MKC,MKC,USD,120,82.68395572,0,9922.074687,120,0.000127981
"07/14/2022, 11:23:47",SELL,MKC,MKC,USD,120,82.7,0,-9924,0,0.000194043
"07/14/2022, 11:23:42",BUY,HBAN,HBAN,USD,842,11.86999989,0,9994.539904,842,7.23E-07
"07/14/2022, 11:35:25",SELL,HBAN,HBAN,USD,842,11.81,0,-9944.02,0,-0.00505475
"07/14/2022, 11:35:21",SELL,HBAN,HBAN,USD,844,11.84140015,0,-9994.141724,-844,-3.44E-05
"07/14/2022, 11:47:43",BUY,HBAN,HBAN,USD,844,11.84140015,0,9994.141724,0,0
"07/14/2022, 11:47:01",BUY,HBAN,HBAN,USD,848,11.7901001,0,9998.004883,848,0.000232067
"07/14/2022, 12:00:00",SELL,HBAN,HBAN,USD,848,11.7901001,0,-9998.004883,0,0
"07/14/2022, 11:59:18",BUY,NRG,NRG,USD,276,36.14500046,0,9976.020126,276,2.84E-05
"07/14/2022, 12:12:02",SELL,NRG,NRG,USD,276,36.08,0,-9958.08,0,-0.001798325
"07/14/2022, 12:11:35",BUY,HBAN,HBAN,USD,851,11.75,0,9999.25,851,0.00023495
"07/14/2022, 12:24:44",SELL,HBAN,HBAN,USD,851,11.79,0,-10033.29,0,0.003404255
"07/14/2022, 12:23:36",SELL,MDLZ,MDLZ,USD,165,60.39961264,0,-9965.936085,-165,-5.35E-05
"07/14/2022, 12:36:22",BUY,MDLZ,MDLZ,USD,165,60.38,0,9962.7,0,-0.000324715
"07/14/2022, 12:36:18",SELL,JNPR,JNPR,USD,360,27.70499992,0,-9973.799973,-360,-0.000175004
"07/14/2022, 12:48:22",BUY,JNPR,JNPR,USD,360,27.78,0,10000.8,0,0.002707095
"07/14/2022, 12:47:57",SELL,AZO,AZO,USD,4,2144.209563,0,-8576.838252,-4,-5.69E-07
"07/14/2022, 13:00:04",BUY,AZO,AZO,USD,4,2144.38,0,8577.52,0,7.95E-05
"07/14/2022, 12:59:56",SELL,JNPR,JNPR,USD,359,27.77888955,0,-9972.621348,-359,-1.03E-06
"07/14/2022, 13:11:44",BUY,JNPR,JNPR,USD,359,27.895,0,10014.305,0,0.004179809
"07/14/2022, 13:11:40",BUY,NRG,NRG,USD,275,36.27000046,0,9974.250126,275,3.87E-05
"07/14/2022, 13:23:31",SELL,NRG,NRG,USD,275,36.35,0,-9996.25,0,0.002205667
"07/14/2022, 13:23:26",BUY,HBAN,HBAN,USD,842,11.87160015,0,9995.887327,842,5.62E-05
"07/14/2022, 13:35:17",SELL,HBAN,HBAN,USD,842,11.895,0,-10015.59,0,0.001971078
"07/14/2022, 13:35:13",BUY,AZO,AZO,USD,4,2152.26983,0,8609.079319,4,4.75E-05
"07/14/2022, 13:48:25",SELL,AZO,AZO,USD,4,2152.26983,0,-8609.079319,0,0
"07/14/2022, 13:46:59",SELL,TT,TT,USD,78,127.1600037,0,-9918.480286,-78,-4.20E-07
"07/14/2022, 14:01:54",BUY,TT,TT,USD,78,127.1600037,0,9918.480286,0,0
"07/14/2022, 14:00:08",BUY,AZO,AZO,USD,4,2145.818781,0,8583.275126,4,1.19E-05
"07/14/2022, 14:15:14",SELL,AZO,AZO,USD,4,2147.99,0,-8591.96,0,0.001011837
"07/14/2022, 14:13:37",BUY,LUV,LUV,USD,258,38.689608,0,9981.918864,258,0.000202924
"07/14/2022, 14:27:00",SELL,LUV,LUV,USD,258,38.55,0,-9945.9,0,-0.003608411
"07/14/2022, 14:26:55",BUY,OKE,OKE,USD,183,54.61000061,0,9993.630112,183,0.000220877
"07/14/2022, 14:39:24",SELL,OKE,OKE,USD,183,54.61000061,0,-9993.630112,0,0
"07/14/2022, 14:38:41",SELL,HBAN,HBAN,USD,840,11.89999962,0,-9995.99968,-840,-4.57E-06
"07/14/2022, 14:51:11",BUY,HBAN,HBAN,USD,840,11.87,0,9970.8,0,-0.002520976
"07/14/2022, 14:51:05",SELL,SJM,SJM,USD,75,132.7111727,0,-9953.33795,-75,-1.93E-05
"07/15/2022, 10:13:06",BUY,SJM,SJM,USD,75,132.54,0,9940.5,0,-0.001289814
"07/15/2022, 10:12:39",BUY,JNPR,JNPR,USD,352,28.38500023,0,9991.520081,352,2.96E-05
"07/15/2022, 10:25:21",SELL,JNPR,JNPR,USD,352,28.4,0,-9996.8,0,0.00052844
"07/15/2022, 10:24:47",BUY,JNPR,JNPR,USD,352,28.38044038,0,9989.915012,352,4.58E-05
"07/15/2022, 10:37:27",SELL,JNPR,JNPR,USD,352,28.38,0,-9989.76,0,-1.55E-05
"07/15/2022, 10:37:01",BUY,NRG,NRG,USD,275,36.34000015,0,9993.500042,275,0.000168796
"07/15/2022, 10:49:42",SELL,NRG,NRG,USD,275,36.31,0,-9985.25,0,-0.000825541
"07/15/2022, 10:49:08",BUY,JNPR,JNPR,USD,352,28.37000084,0,9986.240295,352,3.46E-05
"07/15/2022, 11:01:37",SELL,JNPR,JNPR,USD,352,28.36,0,-9982.72,0,-0.000352515
"07/15/2022, 11:01:23",SELL,JNPR,JNPR,USD,352,28.37999916,0,-9989.759705,-352,-3.10E-05
"07/15/2022, 11:14:07",BUY,JNPR,JNPR,USD,352,28.38,0,9989.76,0,2.96E-08
"07/15/2022, 11:13:16",SELL,AZO,AZO,USD,4,2215.092276,0,-8860.369103,-4,-4.30E-05
"07/15/2022, 11:25:51",BUY,AZO,AZO,USD,4,2210.9,0,8843.6,0,-0.001892596
"07/15/2022, 11:25:46",BUY,AZO,AZO,USD,4,2214.540039,0,8858.160156,4,2.87E-06
"07/15/2022, 11:37:38",SELL,AZO,AZO,USD,4,2207.64,0,-8830.56,0,-0.003115789
"07/15/2022, 11:37:33",SELL,TT,TT,USD,76,130.1900024,0,-9894.440186,-76,-1.27E-05
"07/15/2022, 11:50:00",BUY,TT,TT,USD,76,130.1900024,0,9894.440186,0,0
"07/15/2022, 11:49:18",BUY,NRG,NRG,USD,277,36.07989543,0,9994.131033,277,1.73E-05
"07/15/2022, 12:02:24",SELL,NRG,NRG,USD,277,36.07989543,0,-9994.131033,0,0
"07/15/2022, 12:01:42",SELL,JNPR,JNPR,USD,351,28.43499947,0,-9980.684813,-351,-1.95E-06
"07/15/2022, 12:14:31",BUY,JNPR,JNPR,USD,351,28.48,0,9996.48,0,0.001582576
"07/15/2022, 12:14:05",BUY,TT,TT,USD,76,130.095871,0,9887.286194,76,6.88E-05
"07/15/2022, 12:26:16",SELL,TT,TT,USD,76,129.9367,0,-9875.1892,0,-0.00122349
"07/15/2022, 12:26:12",BUY,TT,TT,USD,76,130.0153941,0,9881.169952,76,8.92E-06
"07/15/2022, 12:38:40",SELL,TT,TT,USD,76,130.0153941,0,-9881.169952,0,0
"07/15/2022, 12:37:58",SELL,JNPR,JNPR,USD,350,28.51499939,0,-9980.249786,-350,-1.14E-05
"07/15/2022, 12:50:46",BUY,JNPR,JNPR,USD,350,28.48,0,9968,0,-0.001227403
"07/15/2022, 12:50:20",BUY,TT,TT,USD,76,130.1150055,0,9888.740417,76,2.78E-05
"07/15/2022, 13:02:33",SELL,TT,TT,USD,76,129.82,0,-9866.32,0,-0.002267267
"07/15/2022, 13:02:28",BUY,JNPR,JNPR,USD,351,28.48507306,0,9998.260645,351,2.25E-05
"07/15/2022, 13:16:00",SELL,JNPR,JNPR,USD,351,28.48507306,0,-9998.260645,0,0
"07/15/2022, 13:14:14",SELL,JNPR,JNPR,USD,351,28.4302177,0,-9979.006413,-351,-1.95E-06
"07/15/2022, 13:27:49",BUY,JNPR,JNPR,USD,351,28.365,0,9956.115,0,-0.002293957
"07/15/2022, 13:27:43",BUY,JNPR,JNPR,USD,351,28.41454636,0,9973.505772,351,2.36E-05
"07/15/2022, 13:39:38",SELL,JNPR,JNPR,USD,351,28.43,0,-9978.93,0,0.000543864
"07/15/2022, 13:39:34",BUY,SLB,SLB,USD,310,32.21464293,0,9986.539309,310,3.26E-05
"07/15/2022, 13:51:24",SELL,SLB,SLB,USD,310,32.235,0,-9992.85,0,0.00063192
"07/15/2022, 13:51:19",BUY,NRG,NRG,USD,278,35.95000076,0,9994.100212,278,0.000122877
"07/15/2022, 14:03:47",SELL,NRG,NRG,USD,278,35.95000076,0,-9994.100212,0,0
"07/15/2022, 14:03:05",BUY,WMB,WMB,USD,319,31.32999992,0,9994.269976,319,1.07E-05
"07/15/2022, 14:16:40",SELL,WMB,WMB,USD,319,31.325,0,-9992.675,0,-0.000159589
"07/15/2022, 14:15:30",SELL,JNPR,JNPR,USD,351,28.47999954,0,-9996.479839,-351,-1.65E-05
"07/15/2022, 14:28:25",BUY,JNPR,JNPR,USD,351,28.475,0,9994.725,0,-0.000175546
"07/15/2022, 14:28:21",SELL,AZO,AZO,USD,4,2212.110107,0,-8848.44043,-4,-1.21E-06
"07/15/2022, 14:41:01",BUY,AZO,AZO,USD,4,2207.6,0,8830.4,0,-0.002038826
"07/15/2022, 14:40:06",BUY,SJM,SJM,USD,76,131.5149994,0,9995.139954,76,2.15E-05
"07/15/2022, 14:53:22",SELL,SJM,SJM,USD,76,131.5149994,0,-9995.139954,0,0
"07/15/2022, 14:52:40",BUY,JNJ,JNJ,USD,56,177.6450043,0,9948.120239,56,3.58E-05
"07/18/2022, 10:14:16",SELL,JNJ,JNJ,USD,56,176.12,0,-9862.72,0,-0.00858456
"07/18/2022, 10:12:36",BUY,TT,TT,USD,78,128.0299988,0,9986.339905,78,8.32E-05
"07/18/2022, 10:26:07",SELL,TT,TT,USD,78,128,0,-9984,0,-0.000234311
"07/18/2022, 10:25:53",BUY,HBAN,HBAN,USD,789,12.67053643,0,9997.053244,789,0.000158511
"07/18/2022, 10:37:53",SELL,HBAN,HBAN,USD,789,12.655,0,-9984.795,0,-0.001226186
"07/18/2022, 10:37:48",BUY,WMB,WMB,USD,312,32.03499985,0,9994.919952,312,0.000153255
"07/18/2022, 10:49:33",SELL,WMB,WMB,USD,312,31.965,0,-9973.08,0,-0.002185105
"07/18/2022, 10:49:29",BUY,MMM,MMM,USD,77,129.7100067,0,9987.670517,77,6.31E-05
"07/18/2022, 11:01:57",SELL,MMM,MMM,USD,77,129.79,0,-9993.83,0,0.000616709
"07/18/2022, 11:01:11",BUY,AZO,AZO,USD,4,2214.3684,0,8857.473599,4,1.10E-05
"07/18/2022, 11:13:50",SELL,AZO,AZO,USD,4,2211.145,0,-8844.58,0,-0.001455675
"07/18/2022, 11:13:45",BUY,JNPR,JNPR,USD,350,28.57078919,0,9999.776215,350,5.43E-05
"07/18/2022, 11:26:40",SELL,JNPR,JNPR,USD,350,28.59,0,-10006.5,0,0.000672394
"07/18/2022, 11:25:33",BUY,AZO,AZO,USD,4,2212.47998,0,8849.919922,4,6.42E-05
"07/18/2022, 11:39:27",SELL,AZO,AZO,USD,4,2212.69,0,-8850.76,0,9.49E-05
"07/18/2022, 11:38:23",SELL,OKE,OKE,USD,175,56.88999939,0,-9955.749893,-175,-9.39E-07
"07/18/2022, 11:51:22",BUY,OKE,OKE,USD,175,56.99,0,9973.25,0,0.001757789
"07/18/2022, 11:51:09",BUY,MMM,MMM,USD,77,129.8533709,0,9998.709563,77,5.29E-06
"07/18/2022, 12:03:50",SELL,MMM,MMM,USD,77,129.2826,0,-9954.7602,0,-0.004395504
"07/18/2022, 12:03:05",BUY,WY,WY,USD,288,34.68615517,0,9989.61269,288,9.86E-05
"07/18/2022, 12:16:20",SELL,WY,WY,USD,288,34.595,0,-9963.36,0,-0.002627999
"07/18/2022, 12:15:33",SELL,AZO,AZO,USD,4,2207.629883,0,-8830.519531,-4,-1.33E-06
"07/18/2022, 12:52:41",BUY,AZO,AZO,USD,4,2207.629883,0,8830.519531,0,0
"07/18/2022, 12:51:47",BUY,AAPL,AAPL,USD,67,148.8545816,0,9973.256965,67,4.95E-05
"07/18/2022, 13:04:38",SELL,AAPL,AAPL,USD,67,147.53,0,-9884.51,0,-0.008898494
"07/18/2022, 13:04:24",BUY,PWR,PWR,USD,77,128.2310944,0,9873.794266,77,0.00013137
"07/18/2022, 13:17:02",SELL,PWR,PWR,USD,77,128.2310944,0,-9873.794266,0,0
"07/18/2022, 13:16:20",BUY,AAPL,AAPL,USD,67,147.5500031,0,9885.850204,67,6.13E-05
"07/18/2022, 13:28:51",SELL,AAPL,AAPL,USD,67,147.8242,0,-9904.2214,0,0.001858332
"07/18/2022, 13:28:46",BUY,CFG,CFG,USD,267,37.35565169,0,9973.959001,267,6.85E-05
"07/18/2022, 13:41:19",SELL,CFG,CFG,USD,267,37.25,0,-9945.75,0,-0.002828265
"07/18/2022, 13:40:33",BUY,PWR,PWR,USD,78,128.0449982,0,9987.509857,78,3.93E-06
"07/18/2022, 13:53:10",SELL,PWR,PWR,USD,78,128.08,0,-9990.24,0,0.000273356
"07/18/2022, 13:53:05",BUY,ISRG,ISRG,USD,47,208.6433379,0,9806.236881,47,0.000144075
"07/18/2022, 14:05:38",SELL,ISRG,ISRG,USD,47,208.6433379,0,-9806.236881,0,0
"07/18/2022, 14:04:56",BUY,ISRG,ISRG,USD,48,207.3808044,0,9954.278613,48,1.70E-05
"07/18/2022, 14:18:05",SELL,ISRG,ISRG,USD,48,207.3808044,0,-9954.278613,0,0
"07/18/2022, 14:17:23",BUY,ISRG,ISRG,USD,48,207.3116928,0,9950.961255,48,6.96E-05
"07/18/2022, 14:30:31",SELL,ISRG,ISRG,USD,48,207.3116928,0,-9950.961255,0,0
"07/18/2022, 14:29:49",BUY,PWR,PWR,USD,78,127.9599991,0,9980.879929,78,7.57E-05
"07/18/2022, 14:42:58",SELL,PWR,PWR,USD,78,127.9599991,0,-9980.879929,0,0
"07/18/2022, 14:42:13",BUY,NCLH,NCLH,USD,801,12.47000027,0,9988.470214,801,0.000131159
"07/18/2022, 14:54:45",SELL,NCLH,NCLH,USD,801,12.3982,0,-9930.9582,0,-0.00575784
"07/18/2022, 14:54:40",SELL,PWR,PWR,USD,78,127.0899963,0,-9913.019714,-78,-4.02E-05
"07/19/2022, 14:50:40",BUY,PWR,PWR,USD,78,131.3125,0,10242.375,0,0.033224516
"07/19/2022, 14:48:52",BUY,EXR,EXR,USD,58,171.5919983,0,9952.335901,58,0.004275118
"07/19/2022, 15:00:53",SELL,EXR,EXR,USD,58,172.12,0,9982.96,0,0.003
"07/21/2022, 11:18:43",BUY,SIVB,SIVB,USD,23.0,428.5849914550781,0,9857.454803466797,23.0,0.005195684731006622
"07/21/2022, 11:30:56",SELL,SIVB,SIVB,USD,23.0,433.645,0,-9973.835,0,0.011806312973636218
"07/21/2022, 11:30:31",BUY,NVR,NVR,USD,2.0,4446.330078125,0,8892.66015625,2.0,0.007060328498482704
"07/21/2022, 11:44:03",SELL,NVR,NVR,USD,2.0,4446.330078125,0,-8892.66015625,0,0.0
"07/21/2022, 11:42:37",BUY,MHK,MHK,USD,75.0,132.02333068847656,0,9901.749801635742,75.0,0.007216357626020908
"07/21/2022, 11:56:55",SELL,MHK,MHK,USD,75.0,134.25,0,-10068.75,0,0.016865725928226327
"07/21/2022, 11:55:44",BUY,MKTX,MKTX,USD,37.0,268.5450134277344,0,9936.165496826172,37.0,0.0026183929294347763
"07/21/2022, 12:08:42",SELL,MKTX,MKTX,USD,37.0,267.81,0,-9908.97,0,-0.00273702132224535
"07/21/2022, 12:08:37",BUY,ALGN,ALGN,USD,35.0,284.2833251953125,0,9949.916381835938,35.0,0.0027970303781330585
"07/21/2022, 12:20:48",SELL,ALGN,ALGN,USD,35.0,285.68,0,-9998.800000000001,0,0.0049129677364226085
"07/21/2022, 12:20:22",BUY,CHTR,CHTR,USD,20.0,486.14333089192706,0,9722.866617838541,20.0,0.013119148090481758
"07/21/2022, 12:33:32",SELL,CHTR,CHTR,USD,20.0,489.345,0,-9786.900000000001,0,0.006585854221632135
"07/21/2022, 12:32:25",BUY,MHK,MHK,USD,75.0,132.57166544596353,0,9942.874908447266,75.0,0.009167471900582314
"07/21/2022, 12:46:59",SELL,MHK,MHK,USD,75.0,133.82,0,-10036.5,0,0.00941629985440052
"07/21/2022, 12:45:10",BUY,MKTX,MKTX,USD,37.0,266.49000549316406,0,9860.13020324707,37.0,0.008449294604361057
"07/21/2022, 12:58:47",SELL,MKTX,MKTX,USD,37.0,268.69,0,-9941.53,0,0.008255448465185944
"07/21/2022, 12:58:40",BUY,MHK,MHK,USD,75.0,132.34666951497397,0,9926.000213623047,75.0,0.007868519984185696
"07/21/2022, 13:10:38",SELL,MHK,MHK,USD,75.0,133.91,0,-10043.25,0,0.011812390071887306
"07/21/2022, 13:10:34",BUY,HAS,HAS,USD,119.0,83.37999979654948,0,9922.219975789389,119.0,0.008789969608187675
"07/21/2022, 13:22:29",SELL,HAS,HAS,USD,119.0,84.68,0,-10076.92,0,0.015591271367505098
"07/21/2022, 13:22:24",BUY,CMG,CMG,USD,7.0,1347.8232828776042,0,9434.76298014323,7.0,0.007512903772294521
"07/21/2022, 13:34:50",SELL,CMG,CMG,USD,7.0,1347.8232828776042,0,-9434.76298014323,0,0.0
"07/21/2022, 13:34:08",BUY,EPAM,EPAM,USD,30.0,327.2000020345052,0,9816.000061035156,30.0,0.012626794166862965
"07/21/2022, 13:46:35",SELL,EPAM,EPAM,USD,30.0,329.3,0,-9879.0,0,0.006418086651702908
"07/21/2022, 13:46:30",BUY,FBHS,FBHS,USD,150.0,66.5366694132487,0,9980.500411987305,150.0,0.0064688678830862045
"07/21/2022, 13:58:59",SELL,FBHS,FBHS,USD,150.0,66.5366694132487,0,-9980.500411987305,0,0.0
"07/21/2022, 13:58:16",BUY,MHK,MHK,USD,75.0,131.6750030517578,0,9875.625228881836,75.0,0.010977127589285374
"07/21/2022, 14:11:06",SELL,MHK,MHK,USD,75.0,134.07,0,-10055.25,0,0.01818869863478016
"07/21/2022, 14:10:41",BUY,MHK,MHK,USD,75.0,132.27666727701822,0,9920.750045776367,75.0,0.008069134317338467
"07/21/2022, 14:22:54",SELL,MHK,MHK,USD,75.0,134.46,0,-10084.5,0,0.016505803842255716
"07/21/2022, 14:22:48",BUY,CMG,CMG,USD,7.0,1350.9270263671874,0,9456.489184570311,7.0,0.00843681301921606
"07/21/2022, 14:34:40",SELL,CMG,CMG,USD,7.0,1365.91,0,-9561.37,0,0.011090883030968572
"07/21/2022, 14:34:35",BUY,EPAM,EPAM,USD,30.0,324.0159912109375,0,9720.479736328125,30.0,0.012386959977447987
"07/21/2022, 14:47:03",SELL,EPAM,EPAM,USD,30.0,324.0159912109375,0,-9720.479736328125,0,0.0
"07/21/2022, 14:46:21",BUY,EPAM,EPAM,USD,30.0,327.7733357747396,0,9833.20007324219,30.0,0.004626783542335033
"07/21/2022, 14:59:35",SELL,EPAM,EPAM,USD,30.0,330.425,0,-9912.75,0,0.008089932693862358
"07/21/2022, 14:58:49",BUY,LVS,LVS,USD,252.0,39.595001220703125,0,9977.940307617188,252.0,0.001932264887727797
